DELETE FROM DANE_WYPOZYCZENIA;
DELETE FROM KONTO;
DELETE FROM WYPOZYCZENIE;
DELETE FROM KLIENT;
DELETE FROM EGZEMPLARZ;
DELETE FROM FILMY;
DELETE FROM REZYSER;
DELETE FROM GATUNEK;

INSERT INTO GATUNEK VALUES (1, 'akcja');
INSERT INTO GATUNEK VALUES (2, 'animowany');
INSERT INTO GATUNEK VALUES (3, 'biograficzny');
INSERT INTO GATUNEK VALUES (4, 'dramat');
INSERT INTO GATUNEK VALUES (5, 'fantasy');
INSERT INTO GATUNEK VALUES (6, 'historyczny');
INSERT INTO GATUNEK VALUES (7, 'horror');
INSERT INTO GATUNEK VALUES (8, 'komedia');
INSERT INTO GATUNEK VALUES (9, 'musical');
INSERT INTO GATUNEK VALUES (10, 'science-fiction');
INSERT INTO GATUNEK VALUES (11, 'sportowy');
INSERT INTO GATUNEK VALUES (12, 'thriller');
INSERT INTO GATUNEK VALUES (13, 'western');
INSERT INTO GATUNEK VALUES (14, 'wojenny');

INSERT INTO REZYSER VALUES(1, 'Frank Darabont');
INSERT INTO REZYSER VALUES(2, 'Olivier Nakache');
INSERT INTO REZYSER VALUES(3, 'Francis Ford Coppola');
INSERT INTO REZYSER VALUES(4, 'Robert Zemeckis');
INSERT INTO REZYSER VALUES(5, 'Peter Jackson');
INSERT INTO REZYSER VALUES(6, 'Quentin Tarantino');
INSERT INTO REZYSER VALUES(7, 'Christopher Nolan');
INSERT INTO REZYSER VALUES(8, 'Rob Minkoff');
INSERT INTO REZYSER VALUES(9, 'Luc Besson');
INSERT INTO REZYSER VALUES(10, 'Roman Polañski');

INSERT INTO FILMY VALUES(1, 'Skazani na Shawshank', 'Adaptacja opowiadania Stephena Kinga. Historia nies³usznie skazanego na do¿ywocie bankiera, który musi prze¿yæ w brutalnym œwiecie rz¹dzonym przez stra¿ników i wspó³wiêŸniów.',
                       3, '1994-09-10', 4, 1);
INSERT INTO FILMY VALUES(2, 'Zielona mila', 'Emerytowany stra¿nik wiêzienny opowiada przyjació³ce o niezwyk³ym mê¿czyŸnie, którego skazano na œmieræ za zabójstwo dwóch 9-letnich dziewczynek.',
                       4, '1999-12-06', 4, 1);
INSERT INTO FILMY VALUES(3, 'Nietykalni', 'Sparali¿owany milioner zatrudnia do opieki m³odego ch³opaka z przedmieœcia, który w³aœnie wyszed³ z wiêzienia.',
                       2, '2011-09-23', 8, 2);
INSERT INTO FILMY VALUES(4, 'Ojciec chrzestny', 'Opowieœæ o nowojorskiej rodzinie mafijnej. Starzej¹cy siê Don Corleone pragnie przekazaæ w³adzê swojemu synowi.',
                       5, '1972-03-15', 4, 3);
INSERT INTO FILMY VALUES(5, 'Ojciec chrzestny II', 'Rok 1917. M³ody Vito Corleone stawia pierwsze kroki w mafijnym œwiecie Nowego Jorku. Ponad 40 lat póŸniej jego syn Michael walczy o interesy i dobro rodziny.',
                       6, '1974-12-12', 4, 3);
INSERT INTO FILMY VALUES(6, 'Ojciec chrzestny III', 'Rok 1979. Starzej¹cy siê Michael Corleone chce zalegalizowaæ swoje interesy i wyprowadziæ rodzinê z mafijnego œwiata.',
                       2, '1990-12-20', 4, 3);
INSERT INTO FILMY VALUES(7, 'Forrest Gump', 'Historia ¿ycia Forresta, ch³opca o niskim ilorazie inteligencji z niedow³adem koñczyn, który staje siê miliarderem i bohaterem wojny w Wietnamie.',
                       3, '1994-06-23', 4, 4);
INSERT INTO FILMY VALUES(8, 'W³adca Pierœcieni: Dru¿yna Pierœcienia', 'Podró¿ hobbita z Shire i jego oœmiu towarzyszy, której celem jest zniszczenie potê¿nego pierœcienia po¿¹danego przez Czarnego W³adcê - Saurona.',
                       1, '2001-12-10', 5, 5);
INSERT INTO FILMY VALUES(9, 'W³adca Pierœcieni: Dwie wie¿e', 'Dru¿yna Pierœcienia zostaje rozbita, lecz zdesperowany Frodo za wszelk¹ cenê chce wype³niæ powierzone mu zadanie. Aragorn z towarzyszami przygotowuje siê, by odeprzeæ atak hord Sarumana.',
                       4, '2002-12-05', 5, 5);
INSERT INTO FILMY VALUES(10, 'W³adca Pierœcieni: Powrót króla', 'Zwieñczenie filmowej trylogii wg powieœci Tolkiena. Aragorn jednoczy si³y Œródziemia, szykuj¹c siê do bitwy, która ma odwróciæ uwagê Saurona od pod¹¿aj¹cych w kierunku Góry Przeznaczenia hobbitów.',
                       5, '2003-12-01', 5, 5);
INSERT INTO FILMY VALUES(11, 'Hobbit: Niezwyk³a podró¿', 'Hobbit Bilbo Baggins wyrusza w niebezpieczn¹ podro¿, by wraz z czarodziejem Gandalfem i trzynastoma krasnoludami pokonaæ smoka Smauga.',
                       5, '2012-11-28', 5, 5);
INSERT INTO FILMY VALUES(12, 'Hobbit: Pustkowie Smauga', 'Hobbit Bilbo Baggins razem z Gandalfem oraz trzynastoma krasnoludami zmierza do legowiska smoka Smauga. Bohaterowie chc¹ pokonaæ bestiê i odebraæ jej z³oto, które ukrad³a.',
                       5, '2013-12-02', 5, 5);
INSERT INTO FILMY VALUES(13, 'Hobbit: Bitwa Piêciu Armii', 'Krasnoludy z Ereboru odzyskuj¹ ojczyznê, œci¹gaj¹c gniew smoka. Wolne istoty Œródziemia ³¹cz¹ si³y przeciwko Sauronowi, który wysy³a legiony orków na Samotn¹ Górê.',
                       5, '2014-12-01', 5, 5);
INSERT INTO FILMY VALUES(14, 'Pulp Fiction', 'Przemoc i odkupienie w opowieœci o dwóch p³atnych mordercach pracuj¹cych na zlecenie mafii, ¿onie gangstera, bokserze i parze okradaj¹cej ludzi w restauracji.',
                       4, '1994-05-12', 4, 6);
INSERT INTO FILMY VALUES(15, 'Bêkarty wojny', 'W okupowanej przez nazistów Francji oddzia³ z³o¿ony z Amerykanów ¿ydowskiego pochodzenia planuje zamach na Hitlera.',
                       1, '2009-05-20', 14, 6);
INSERT INTO FILMY VALUES(16, 'Incepcja', 'Czasy, gdy technologia pozwala na wchodzenie w œwiat snów. Z³odziej Cobb ma za zadanie wszczepiæ myœl do œpi¹cego umys³u.',
                       2, '2010-07-08', 10, 7);
INSERT INTO FILMY VALUES(17, 'Król Lew', 'Targany nies³usznymi wyrzutami sumienia po œmierci ojca ma³y lew Simba skazuje siê na wygnanie rezygnuj¹c z przynale¿nego mu miejsca na czele stada.',
                        3, '1994-06-15', 2, 8);
INSERT INTO FILMY VALUES(18, 'Leon zawodowiec', 'P³atny morderca ratuje dwunastoletni¹ dziewczynkê, której rodzina zosta³a zabita przez skorumpowanych policjantów.',
                        4, '1994-09-14', 4, 9);
INSERT INTO FILMY VALUES(19,'Pianista','Podczas drugiej wojny œwiatowej W³adys³aw Szpilman, znakomity polski pianista, stara siê prze¿yæ w okupowanej Warszawie.', 4,'2002-05-04',3,10);

DROP SEQUENCE z;
CREATE SEQUENCE z;

INSERT INTO EGZEMPLARZ VALUES(z.NEXTVAL, 1);
INSERT INTO EGZEMPLARZ VALUES(z.NEXTVAL, 1);
INSERT INTO EGZEMPLARZ VALUES(z.NEXTVAL, 1);
INSERT INTO EGZEMPLARZ VALUES(z.NEXTVAL, 2);
INSERT INTO EGZEMPLARZ VALUES(z.NEXTVAL, 2);
INSERT INTO EGZEMPLARZ VALUES(z.NEXTVAL, 2);
INSERT INTO EGZEMPLARZ VALUES(z.NEXTVAL, 2);
INSERT INTO EGZEMPLARZ VALUES(z.NEXTVAL, 3);
INSERT INTO EGZEMPLARZ VALUES(z.NEXTVAL, 3);
INSERT INTO EGZEMPLARZ VALUES(z.NEXTVAL, 4);
INSERT INTO EGZEMPLARZ VALUES(z.NEXTVAL, 4);
INSERT INTO EGZEMPLARZ VALUES(z.NEXTVAL, 4);
INSERT INTO EGZEMPLARZ VALUES(z.NEXTVAL, 4);
INSERT INTO EGZEMPLARZ VALUES(z.NEXTVAL, 4);
INSERT INTO EGZEMPLARZ VALUES(z.NEXTVAL, 5);
INSERT INTO EGZEMPLARZ VALUES(z.NEXTVAL, 5);
INSERT INTO EGZEMPLARZ VALUES(z.NEXTVAL, 5);
INSERT INTO EGZEMPLARZ VALUES(z.NEXTVAL, 5);
INSERT INTO EGZEMPLARZ VALUES(z.NEXTVAL, 5);
INSERT INTO EGZEMPLARZ VALUES(z.NEXTVAL, 6);
INSERT INTO EGZEMPLARZ VALUES(z.NEXTVAL, 6);
INSERT INTO EGZEMPLARZ VALUES(z.NEXTVAL, 7);
INSERT INTO EGZEMPLARZ VALUES(z.NEXTVAL, 7);
INSERT INTO EGZEMPLARZ VALUES(z.NEXTVAL, 7);
INSERT INTO EGZEMPLARZ VALUES(z.NEXTVAL, 8);
INSERT INTO EGZEMPLARZ VALUES(z.NEXTVAL, 9);
INSERT INTO EGZEMPLARZ VALUES(z.NEXTVAL, 9);
INSERT INTO EGZEMPLARZ VALUES(z.NEXTVAL, 9);
INSERT INTO EGZEMPLARZ VALUES(z.NEXTVAL, 9);
INSERT INTO EGZEMPLARZ VALUES(z.NEXTVAL, 10);
INSERT INTO EGZEMPLARZ VALUES(z.NEXTVAL, 10);
INSERT INTO EGZEMPLARZ VALUES(z.NEXTVAL, 10);
INSERT INTO EGZEMPLARZ VALUES(z.NEXTVAL, 10);
INSERT INTO EGZEMPLARZ VALUES(z.NEXTVAL, 10);
INSERT INTO EGZEMPLARZ VALUES(z.NEXTVAL, 11);
INSERT INTO EGZEMPLARZ VALUES(z.NEXTVAL, 11);
INSERT INTO EGZEMPLARZ VALUES(z.NEXTVAL, 11);
INSERT INTO EGZEMPLARZ VALUES(z.NEXTVAL, 11);
INSERT INTO EGZEMPLARZ VALUES(z.NEXTVAL, 11);
INSERT INTO EGZEMPLARZ VALUES(z.NEXTVAL, 12);
INSERT INTO EGZEMPLARZ VALUES(z.NEXTVAL, 12);
INSERT INTO EGZEMPLARZ VALUES(z.NEXTVAL, 12);
INSERT INTO EGZEMPLARZ VALUES(z.NEXTVAL, 12);
INSERT INTO EGZEMPLARZ VALUES(z.NEXTVAL, 12);
INSERT INTO EGZEMPLARZ VALUES(z.NEXTVAL, 13);
INSERT INTO EGZEMPLARZ VALUES(z.NEXTVAL, 13);
INSERT INTO EGZEMPLARZ VALUES(z.NEXTVAL, 13);
INSERT INTO EGZEMPLARZ VALUES(z.NEXTVAL, 13);
INSERT INTO EGZEMPLARZ VALUES(z.NEXTVAL, 13);
INSERT INTO EGZEMPLARZ VALUES(z.NEXTVAL, 14);
INSERT INTO EGZEMPLARZ VALUES(z.NEXTVAL, 14);
INSERT INTO EGZEMPLARZ VALUES(z.NEXTVAL, 14);
INSERT INTO EGZEMPLARZ VALUES(z.NEXTVAL, 14);
INSERT INTO EGZEMPLARZ VALUES(z.NEXTVAL, 15);
INSERT INTO EGZEMPLARZ VALUES(z.NEXTVAL, 16);
INSERT INTO EGZEMPLARZ VALUES(z.NEXTVAL, 16);
INSERT INTO EGZEMPLARZ VALUES(z.NEXTVAL, 17);
INSERT INTO EGZEMPLARZ VALUES(z.NEXTVAL, 17);
INSERT INTO EGZEMPLARZ VALUES(z.NEXTVAL, 17);
INSERT INTO EGZEMPLARZ VALUES(z.NEXTVAL, 18);
INSERT INTO EGZEMPLARZ VALUES(z.NEXTVAL, 18);
INSERT INTO EGZEMPLARZ VALUES(z.NEXTVAL, 18);
INSERT INTO EGZEMPLARZ VALUES(z.NEXTVAL, 18);
INSERT INTO EGZEMPLARZ VALUES(z.NEXTVAL, 19);
INSERT INTO EGZEMPLARZ VALUES(z.NEXTVAL, 19);
INSERT INTO EGZEMPLARZ VALUES(z.NEXTVAL, 19);
INSERT INTO EGZEMPLARZ VALUES(z.NEXTVAL, 19);

insert into KLIENT (ID_KLIENTA, IMIE, NAZWISKO, EMAIL) values (1, 'Matthew', 'Hansen', 'mhansen0@macromedia.com');
insert into KLIENT (ID_KLIENTA, IMIE, NAZWISKO, EMAIL) values (2, 'Mary', 'Boyd', 'mboyd1@ucoz.ru');
insert into KLIENT (ID_KLIENTA, IMIE, NAZWISKO, EMAIL) values (3, 'Jonathan', 'Fox', 'jfox2@geocities.com');
insert into KLIENT (ID_KLIENTA, IMIE, NAZWISKO, EMAIL) values (4, 'Anna', 'Matthews', 'amatthews3@yale.edu');
insert into KLIENT (ID_KLIENTA, IMIE, NAZWISKO, EMAIL) values (5, 'Barbara', 'Ramirez', 'bramirez4@privacy.gov.au');
insert into KLIENT (ID_KLIENTA, IMIE, NAZWISKO, EMAIL) values (6, 'Frank', 'Rice', 'frice5@slideshare.net');
insert into KLIENT (ID_KLIENTA, IMIE, NAZWISKO, EMAIL) values (7, 'Michelle', 'Perez', 'mperez6@uol.com.br');
insert into KLIENT (ID_KLIENTA, IMIE, NAZWISKO, EMAIL) values (8, 'Gregory', 'Fowler', 'gfowler7@yellowbook.com');
insert into KLIENT (ID_KLIENTA, IMIE, NAZWISKO, EMAIL) values (9, 'Nicholas', 'Wallace', 'nwallace8@spiegel.de');
insert into KLIENT (ID_KLIENTA, IMIE, NAZWISKO, EMAIL) values (10, 'Eugene', 'Garcia', 'egarcia9@cam.ac.uk');
insert into KLIENT (ID_KLIENTA, IMIE, NAZWISKO, EMAIL) values (11, 'Christine', 'Matthews', 'cmatthewsa@desdev.cn');
insert into KLIENT (ID_KLIENTA, IMIE, NAZWISKO, EMAIL) values (12, 'Mark', 'Burton', 'mburtonb@statcounter.com');
insert into KLIENT (ID_KLIENTA, IMIE, NAZWISKO, EMAIL) values (13, 'Peter', 'Carter', 'pcarterc@cmu.edu');
insert into KLIENT (ID_KLIENTA, IMIE, NAZWISKO, EMAIL) values (14, 'Philip', 'James', 'pjamesd@mit.edu');
insert into KLIENT (ID_KLIENTA, IMIE, NAZWISKO, EMAIL) values (15, 'Paula', 'Fernandez', 'pfernandeze@timesonline.co.uk');
insert into KLIENT (ID_KLIENTA, IMIE, NAZWISKO, EMAIL) values (16, 'Sara', 'West', 'swestf@digg.com');
insert into KLIENT (ID_KLIENTA, IMIE, NAZWISKO, EMAIL) values (17, 'Aaron', 'Price', 'apriceg@walmart.com');
insert into KLIENT (ID_KLIENTA, IMIE, NAZWISKO, EMAIL) values (18, 'Patrick', 'Gordon', 'pgordonh@oaic.gov.au');
insert into KLIENT (ID_KLIENTA, IMIE, NAZWISKO, EMAIL) values (19, 'Heather', 'Brooks', 'hbrooksi@cloudflare.com');
insert into KLIENT (ID_KLIENTA, IMIE, NAZWISKO, EMAIL) values (20, 'Justin', 'Burton', 'jburtonj@techcrunch.com');
insert into KLIENT (ID_KLIENTA, IMIE, NAZWISKO, EMAIL) values (21, 'David', 'Sanchez', 'dsanchezk@dedecms.com');
insert into KLIENT (ID_KLIENTA, IMIE, NAZWISKO, EMAIL) values (22, 'Todd', 'Ross', 'trossl@fc2.com');
insert into KLIENT (ID_KLIENTA, IMIE, NAZWISKO, EMAIL) values (23, 'Arthur', 'Bennett', 'abennettm@foxnews.com');
insert into KLIENT (ID_KLIENTA, IMIE, NAZWISKO, EMAIL) values (24, 'Walter', 'Baker', 'wbakern@psu.edu');
insert into KLIENT (ID_KLIENTA, IMIE, NAZWISKO, EMAIL) values (25, 'Amy', 'Hawkins', 'ahawkinso@goo.ne.jp');
insert into KLIENT (ID_KLIENTA, IMIE, NAZWISKO, EMAIL) values (26, 'Benjamin', 'Mendoza', 'bmendozap@prweb.com');
insert into KLIENT (ID_KLIENTA, IMIE, NAZWISKO, EMAIL) values (27, 'Laura', 'Parker', 'lparkerq@upenn.edu');
insert into KLIENT (ID_KLIENTA, IMIE, NAZWISKO, EMAIL) values (28, 'Adam', 'Fernandez', 'afernandezr@dell.com');
insert into KLIENT (ID_KLIENTA, IMIE, NAZWISKO, EMAIL) values (29, 'Jesse', 'Campbell', 'jcampbells@rediff.com');
insert into KLIENT (ID_KLIENTA, IMIE, NAZWISKO, EMAIL) values (30, 'Catherine', 'Griffin', 'cgriffint@soup.io');
insert into KLIENT (ID_KLIENTA, IMIE, NAZWISKO, EMAIL) values (31, 'Jessica', 'Carr', 'jcarru@tripadvisor.com');
insert into KLIENT (ID_KLIENTA, IMIE, NAZWISKO, EMAIL) values (32, 'Nicole', 'Turner', 'nturnerv@miibeian.gov.cn');
insert into KLIENT (ID_KLIENTA, IMIE, NAZWISKO, EMAIL) values (33, 'Keith', 'Patterson', 'kpattersonw@utexas.edu');
insert into KLIENT (ID_KLIENTA, IMIE, NAZWISKO, EMAIL) values (34, 'Cheryl', 'Ortiz', 'cortizx@psu.edu');
insert into KLIENT (ID_KLIENTA, IMIE, NAZWISKO, EMAIL) values (35, 'Fred', 'Roberts', 'frobertsy@gov.uk');
insert into KLIENT (ID_KLIENTA, IMIE, NAZWISKO, EMAIL) values (36, 'Barbara', 'Watkins', 'bwatkinsz@arstechnica.com');
insert into KLIENT (ID_KLIENTA, IMIE, NAZWISKO, EMAIL) values (37, 'Joseph', 'Green', 'jgreen10@com.com');
insert into KLIENT (ID_KLIENTA, IMIE, NAZWISKO, EMAIL) values (38, 'Russell', 'Hayes', 'rhayes11@dedecms.com');
insert into KLIENT (ID_KLIENTA, IMIE, NAZWISKO, EMAIL) values (39, 'Christine', 'Bailey', 'cbailey12@ning.com');
insert into KLIENT (ID_KLIENTA, IMIE, NAZWISKO, EMAIL) values (40, 'Stephen', 'Wood', 'swood13@theguardian.com');
insert into KLIENT (ID_KLIENTA, IMIE, NAZWISKO, EMAIL) values (41, 'Denise', 'Knight', 'dknight14@oracle.com');
insert into KLIENT (ID_KLIENTA, IMIE, NAZWISKO, EMAIL) values (42, 'Shirley', 'Carr', 'scarr15@about.com');
insert into KLIENT (ID_KLIENTA, IMIE, NAZWISKO, EMAIL) values (43, 'Angela', 'Wells', 'awells16@bizjournals.com');
insert into KLIENT (ID_KLIENTA, IMIE, NAZWISKO, EMAIL) values (44, 'Wanda', 'Morgan', 'wmorgan17@slideshare.net');
insert into KLIENT (ID_KLIENTA, IMIE, NAZWISKO, EMAIL) values (45, 'Harold', 'Hamilton', 'hhamilton18@infoseek.co.jp');
insert into KLIENT (ID_KLIENTA, IMIE, NAZWISKO, EMAIL) values (46, 'Mark', 'Kennedy', 'mkennedy19@hhs.gov');
insert into KLIENT (ID_KLIENTA, IMIE, NAZWISKO, EMAIL) values (47, 'Lori', 'Vasquez', 'lvasquez1a@springer.com');
insert into KLIENT (ID_KLIENTA, IMIE, NAZWISKO, EMAIL) values (48, 'Catherine', 'Stanley', 'cstanley1b@baidu.com');
insert into KLIENT (ID_KLIENTA, IMIE, NAZWISKO, EMAIL) values (49, 'Joyce', 'Boyd', 'jboyd1c@illinois.edu');
insert into KLIENT (ID_KLIENTA, IMIE, NAZWISKO, EMAIL) values (50, 'Thomas', 'Howell', 'thowell1d@godaddy.com');
insert into KLIENT (ID_KLIENTA, IMIE, NAZWISKO, EMAIL) values (51, 'Sharon', 'Brown', 'sbrown1e@networksolutions.com');
insert into KLIENT (ID_KLIENTA, IMIE, NAZWISKO, EMAIL) values (52, 'Julia', 'Lane', 'jlane1f@si.edu');
insert into KLIENT (ID_KLIENTA, IMIE, NAZWISKO, EMAIL) values (53, 'Aaron', 'George', 'ageorge1g@cbslocal.com');
insert into KLIENT (ID_KLIENTA, IMIE, NAZWISKO, EMAIL) values (54, 'Steve', 'Jackson', 'sjackson1h@google.com');
insert into KLIENT (ID_KLIENTA, IMIE, NAZWISKO, EMAIL) values (55, 'Aaron', 'Cox', 'acox1i@technorati.com');
insert into KLIENT (ID_KLIENTA, IMIE, NAZWISKO, EMAIL) values (56, 'Kimberly', 'Hansen', 'khansen1j@lulu.com');
insert into KLIENT (ID_KLIENTA, IMIE, NAZWISKO, EMAIL) values (57, 'Teresa', 'Ferguson', 'tferguson1k@omniture.com');
insert into KLIENT (ID_KLIENTA, IMIE, NAZWISKO, EMAIL) values (58, 'Roger', 'Watkins', 'rwatkins1l@webeden.co.uk');
insert into KLIENT (ID_KLIENTA, IMIE, NAZWISKO, EMAIL) values (59, 'Bonnie', 'Mccoy', 'bmccoy1m@usnews.com');
insert into KLIENT (ID_KLIENTA, IMIE, NAZWISKO, EMAIL) values (60, 'Mildred', 'Boyd', 'mboyd1n@zimbio.com');
insert into KLIENT (ID_KLIENTA, IMIE, NAZWISKO, EMAIL) values (61, 'Emily', 'Medina', 'emedina1o@hhs.gov');
insert into KLIENT (ID_KLIENTA, IMIE, NAZWISKO, EMAIL) values (62, 'Earl', 'Mason', 'emason1p@earthlink.net');
insert into KLIENT (ID_KLIENTA, IMIE, NAZWISKO, EMAIL) values (63, 'Andrea', 'Warren', 'awarren1q@nbcnews.com');
insert into KLIENT (ID_KLIENTA, IMIE, NAZWISKO, EMAIL) values (64, 'Douglas', 'Franklin', 'dfranklin1r@bloglines.com');
insert into KLIENT (ID_KLIENTA, IMIE, NAZWISKO, EMAIL) values (65, 'Ronald', 'Jones', 'rjones1s@home.pl');
insert into KLIENT (ID_KLIENTA, IMIE, NAZWISKO, EMAIL) values (66, 'Chris', 'Morgan', 'cmorgan1t@adobe.com');
insert into KLIENT (ID_KLIENTA, IMIE, NAZWISKO, EMAIL) values (67, 'Martha', 'Morrison', 'mmorrison1u@google.com');
insert into KLIENT (ID_KLIENTA, IMIE, NAZWISKO, EMAIL) values (68, 'Carol', 'Frazier', 'cfrazier1v@reference.com');
insert into KLIENT (ID_KLIENTA, IMIE, NAZWISKO, EMAIL) values (69, 'Betty', 'Stevens', 'bstevens1w@infoseek.co.jp');
insert into KLIENT (ID_KLIENTA, IMIE, NAZWISKO, EMAIL) values (70, 'Heather', 'Stone', 'hstone1x@wisc.edu');
insert into KLIENT (ID_KLIENTA, IMIE, NAZWISKO, EMAIL) values (71, 'Elizabeth', 'Murphy', 'emurphy1y@oracle.com');
insert into KLIENT (ID_KLIENTA, IMIE, NAZWISKO, EMAIL) values (72, 'Carol', 'Stephens', 'cstephens1z@jalbum.net');
insert into KLIENT (ID_KLIENTA, IMIE, NAZWISKO, EMAIL) values (73, 'Betty', 'Bryant', 'bbryant20@eepurl.com');
insert into KLIENT (ID_KLIENTA, IMIE, NAZWISKO, EMAIL) values (74, 'Margaret', 'Ramos', 'mramos21@squidoo.com');
insert into KLIENT (ID_KLIENTA, IMIE, NAZWISKO, EMAIL) values (75, 'Marilyn', 'King', 'mking22@vimeo.com');
insert into KLIENT (ID_KLIENTA, IMIE, NAZWISKO, EMAIL) values (76, 'Jeffrey', 'George', 'jgeorge23@merriam-webster.com');
insert into KLIENT (ID_KLIENTA, IMIE, NAZWISKO, EMAIL) values (77, 'Joyce', 'Marshall', 'jmarshall24@wsj.com');
insert into KLIENT (ID_KLIENTA, IMIE, NAZWISKO, EMAIL) values (78, 'Lisa', 'Fox', 'lfox25@aboutads.info');
insert into KLIENT (ID_KLIENTA, IMIE, NAZWISKO, EMAIL) values (79, 'Heather', 'Vasquez', 'hvasquez26@vinaora.com');
insert into KLIENT (ID_KLIENTA, IMIE, NAZWISKO, EMAIL) values (80, 'Joyce', 'Kelley', 'jkelley27@hatena.ne.jp');
insert into KLIENT (ID_KLIENTA, IMIE, NAZWISKO, EMAIL) values (81, 'Thomas', 'Dixon', 'tdixon28@unicef.org');
insert into KLIENT (ID_KLIENTA, IMIE, NAZWISKO, EMAIL) values (82, 'Sandra', 'Parker', 'sparker29@squarespace.com');
insert into KLIENT (ID_KLIENTA, IMIE, NAZWISKO, EMAIL) values (83, 'Terry', 'Sanders', 'tsanders2a@phpbb.com');
insert into KLIENT (ID_KLIENTA, IMIE, NAZWISKO, EMAIL) values (84, 'Andrew', 'Carroll', 'acarroll2b@biblegateway.com');
insert into KLIENT (ID_KLIENTA, IMIE, NAZWISKO, EMAIL) values (85, 'Wayne', 'Turner', 'wturner2c@stumbleupon.com');
insert into KLIENT (ID_KLIENTA, IMIE, NAZWISKO, EMAIL) values (86, 'Roger', 'Meyer', 'rmeyer2d@issuu.com');
insert into KLIENT (ID_KLIENTA, IMIE, NAZWISKO, EMAIL) values (87, 'Michael', 'Coleman', 'mcoleman2e@mit.edu');
insert into KLIENT (ID_KLIENTA, IMIE, NAZWISKO, EMAIL) values (88, 'David', 'Coleman', 'dcoleman2f@pbs.org');
insert into KLIENT (ID_KLIENTA, IMIE, NAZWISKO, EMAIL) values (89, 'Arthur', 'Ward', 'award2g@infoseek.co.jp');
insert into KLIENT (ID_KLIENTA, IMIE, NAZWISKO, EMAIL) values (90, 'Nicole', 'Hudson', 'nhudson2h@yolasite.com');
insert into KLIENT (ID_KLIENTA, IMIE, NAZWISKO, EMAIL) values (91, 'Donald', 'Collins', 'dcollins2i@cornell.edu');
insert into KLIENT (ID_KLIENTA, IMIE, NAZWISKO, EMAIL) values (92, 'Clarence', 'Rodriguez', 'crodriguez2j@sogou.com');
insert into KLIENT (ID_KLIENTA, IMIE, NAZWISKO, EMAIL) values (93, 'Jean', 'Castillo', 'jcastillo2k@canalblog.com');
insert into KLIENT (ID_KLIENTA, IMIE, NAZWISKO, EMAIL) values (94, 'Lawrence', 'Hernandez', 'lhernandez2l@amazon.de');
insert into KLIENT (ID_KLIENTA, IMIE, NAZWISKO, EMAIL) values (95, 'Joe', 'Morales', 'jmorales2m@home.pl');
insert into KLIENT (ID_KLIENTA, IMIE, NAZWISKO, EMAIL) values (96, 'Brian', 'Turner', 'bturner2n@cnet.com');
insert into KLIENT (ID_KLIENTA, IMIE, NAZWISKO, EMAIL) values (97, 'Virginia', 'Butler', 'vbutler2o@marriott.com');
insert into KLIENT (ID_KLIENTA, IMIE, NAZWISKO, EMAIL) values (98, 'Carl', 'Fowler', 'cfowler2p@whitehouse.gov');
insert into KLIENT (ID_KLIENTA, IMIE, NAZWISKO, EMAIL) values (99, 'Juan', 'Ross', 'jross2q@bluehost.com');
insert into KLIENT (ID_KLIENTA, IMIE, NAZWISKO, EMAIL) values (100, 'Shirley', 'Thomas', 'sthomas2r@odnoklassniki.ru');

insert into WYPOZYCZENIE (ID_WYPOZYCZENIA, DATA_WYPOZYCZENIA, DATA_ODDANIA) values (1, '2015-09-27', '2015-10-15');
insert into WYPOZYCZENIE (ID_WYPOZYCZENIA, DATA_WYPOZYCZENIA, DATA_ODDANIA) values (2, '2016-10-27', '2017-03-12');
insert into WYPOZYCZENIE (ID_WYPOZYCZENIA, DATA_WYPOZYCZENIA, DATA_ODDANIA) values (3, '2015-05-06', '2015-11-14');
insert into WYPOZYCZENIE (ID_WYPOZYCZENIA, DATA_WYPOZYCZENIA, DATA_ODDANIA) values (4, '2015-04-16', '2015-09-18');
insert into WYPOZYCZENIE (ID_WYPOZYCZENIA, DATA_WYPOZYCZENIA, DATA_ODDANIA) values (5, '2014-03-08', '2014-06-02');
insert into WYPOZYCZENIE (ID_WYPOZYCZENIA, DATA_WYPOZYCZENIA, DATA_ODDANIA) values (6, '2015-08-13', '2015-09-05');
insert into WYPOZYCZENIE (ID_WYPOZYCZENIA, DATA_WYPOZYCZENIA, DATA_ODDANIA) values (7, '2016-07-18', '2017-02-16');
insert into WYPOZYCZENIE (ID_WYPOZYCZENIA, DATA_WYPOZYCZENIA, DATA_ODDANIA) values (8, '2016-08-13', '2017-03-31');
insert into WYPOZYCZENIE (ID_WYPOZYCZENIA, DATA_WYPOZYCZENIA, DATA_ODDANIA) values (9, '2015-12-01', '2016-01-15');
insert into WYPOZYCZENIE (ID_WYPOZYCZENIA, DATA_WYPOZYCZENIA, DATA_ODDANIA) values (10, '2015-03-28', '2015-05-10');
insert into WYPOZYCZENIE (ID_WYPOZYCZENIA, DATA_WYPOZYCZENIA, DATA_ODDANIA) values (11, '2016-11-09', '2017-03-05');
insert into WYPOZYCZENIE (ID_WYPOZYCZENIA, DATA_WYPOZYCZENIA, DATA_ODDANIA) values (12, '2017-03-23', '2017-04-04');
insert into WYPOZYCZENIE (ID_WYPOZYCZENIA, DATA_WYPOZYCZENIA, DATA_ODDANIA) values (13, '2016-01-26', '2016-03-25');
insert into WYPOZYCZENIE (ID_WYPOZYCZENIA, DATA_WYPOZYCZENIA, DATA_ODDANIA) values (14, '2016-12-02', '2017-01-08');
insert into WYPOZYCZENIE (ID_WYPOZYCZENIA, DATA_WYPOZYCZENIA, DATA_ODDANIA) values (15, '2016-07-24', '2016-11-10');
insert into WYPOZYCZENIE (ID_WYPOZYCZENIA, DATA_WYPOZYCZENIA, DATA_ODDANIA) values (16, '2015-05-13', '2015-06-05');
insert into WYPOZYCZENIE (ID_WYPOZYCZENIA, DATA_WYPOZYCZENIA, DATA_ODDANIA) values (17, '2013-09-05', '2014-04-26');
insert into WYPOZYCZENIE (ID_WYPOZYCZENIA, DATA_WYPOZYCZENIA, DATA_ODDANIA) values (18, '2014-09-06', '2016-09-29');
insert into WYPOZYCZENIE (ID_WYPOZYCZENIA, DATA_WYPOZYCZENIA, DATA_ODDANIA) values (19, '2015-05-27', '2015-07-31');
insert into WYPOZYCZENIE (ID_WYPOZYCZENIA, DATA_WYPOZYCZENIA, DATA_ODDANIA) values (20, '2014-06-11', '2014-12-14');
insert into WYPOZYCZENIE (ID_WYPOZYCZENIA, DATA_WYPOZYCZENIA, DATA_ODDANIA) values (21, '2013-06-13', '2014-05-13');
insert into WYPOZYCZENIE (ID_WYPOZYCZENIA, DATA_WYPOZYCZENIA, DATA_ODDANIA) values (22, '2015-05-24', '2016-01-18');
insert into WYPOZYCZENIE (ID_WYPOZYCZENIA, DATA_WYPOZYCZENIA, DATA_ODDANIA) values (23, '2016-09-25', '2016-12-21');
insert into WYPOZYCZENIE (ID_WYPOZYCZENIA, DATA_WYPOZYCZENIA, DATA_ODDANIA) values (24, '2016-05-10', '2016-10-03');
insert into WYPOZYCZENIE (ID_WYPOZYCZENIA, DATA_WYPOZYCZENIA, DATA_ODDANIA) values (25, '2015-10-06', '2016-05-20');
insert into WYPOZYCZENIE (ID_WYPOZYCZENIA, DATA_WYPOZYCZENIA, DATA_ODDANIA) values (26, '2015-03-25', '2015-11-03');
insert into WYPOZYCZENIE (ID_WYPOZYCZENIA, DATA_WYPOZYCZENIA, DATA_ODDANIA) values (27, '2015-02-08', '2015-02-12');
insert into WYPOZYCZENIE (ID_WYPOZYCZENIA, DATA_WYPOZYCZENIA, DATA_ODDANIA) values (28, '2015-11-27', '2016-09-13');
insert into WYPOZYCZENIE (ID_WYPOZYCZENIA, DATA_WYPOZYCZENIA, DATA_ODDANIA) values (29, '2015-04-14', '2015-10-09');
insert into WYPOZYCZENIE (ID_WYPOZYCZENIA, DATA_WYPOZYCZENIA, DATA_ODDANIA) values (30, '2016-10-22', '2016-11-17');
insert into WYPOZYCZENIE (ID_WYPOZYCZENIA, DATA_WYPOZYCZENIA, DATA_ODDANIA) values (31, '2015-05-23', '2015-06-29');
insert into WYPOZYCZENIE (ID_WYPOZYCZENIA, DATA_WYPOZYCZENIA, DATA_ODDANIA) values (32, '2016-08-15', '2017-01-07');
insert into WYPOZYCZENIE (ID_WYPOZYCZENIA, DATA_WYPOZYCZENIA, DATA_ODDANIA) values (33, '2014-11-12', '2016-01-03');
insert into WYPOZYCZENIE (ID_WYPOZYCZENIA, DATA_WYPOZYCZENIA, DATA_ODDANIA) values (34, '2015-09-12', '2016-03-27');
insert into WYPOZYCZENIE (ID_WYPOZYCZENIA, DATA_WYPOZYCZENIA, DATA_ODDANIA) values (35, '2017-03-10', '2017-04-07');
insert into WYPOZYCZENIE (ID_WYPOZYCZENIA, DATA_WYPOZYCZENIA, DATA_ODDANIA) values (36, '2016-06-05', '2016-10-19');
insert into WYPOZYCZENIE (ID_WYPOZYCZENIA, DATA_WYPOZYCZENIA, DATA_ODDANIA) values (37, '2014-01-07', '2014-04-30');
insert into WYPOZYCZENIE (ID_WYPOZYCZENIA, DATA_WYPOZYCZENIA, DATA_ODDANIA) values (38, '2016-03-23', '2016-05-11');
insert into WYPOZYCZENIE (ID_WYPOZYCZENIA, DATA_WYPOZYCZENIA, DATA_ODDANIA) values (39, '2014-01-09', '2014-09-30');
insert into WYPOZYCZENIE (ID_WYPOZYCZENIA, DATA_WYPOZYCZENIA, DATA_ODDANIA) values (40, '2014-01-05', '2014-09-27');
insert into WYPOZYCZENIE (ID_WYPOZYCZENIA, DATA_WYPOZYCZENIA, DATA_ODDANIA) values (41, '2015-06-26', '2015-12-22');
insert into WYPOZYCZENIE (ID_WYPOZYCZENIA, DATA_WYPOZYCZENIA, DATA_ODDANIA) values (42, '2015-08-22', '2015-09-06');
insert into WYPOZYCZENIE (ID_WYPOZYCZENIA, DATA_WYPOZYCZENIA, DATA_ODDANIA) values (43, '2015-02-15', '2015-04-23');
insert into WYPOZYCZENIE (ID_WYPOZYCZENIA, DATA_WYPOZYCZENIA, DATA_ODDANIA) values (44, '2016-12-26', '2017-01-18');
insert into WYPOZYCZENIE (ID_WYPOZYCZENIA, DATA_WYPOZYCZENIA, DATA_ODDANIA) values (45, '2015-11-04', '2016-01-19');
insert into WYPOZYCZENIE (ID_WYPOZYCZENIA, DATA_WYPOZYCZENIA, DATA_ODDANIA) values (46, '2016-10-25', '2017-01-16');
insert into WYPOZYCZENIE (ID_WYPOZYCZENIA, DATA_WYPOZYCZENIA, DATA_ODDANIA) values (47, '2016-04-15', '2016-06-06');
insert into WYPOZYCZENIE (ID_WYPOZYCZENIA, DATA_WYPOZYCZENIA, DATA_ODDANIA) values (48, '2016-06-20', '2017-03-07');
insert into WYPOZYCZENIE (ID_WYPOZYCZENIA, DATA_WYPOZYCZENIA, DATA_ODDANIA) values (49, '2014-03-31', '2014-04-18');
insert into WYPOZYCZENIE (ID_WYPOZYCZENIA, DATA_WYPOZYCZENIA, DATA_ODDANIA) values (50, '2016-12-11', '2017-03-24');
insert into WYPOZYCZENIE (ID_WYPOZYCZENIA, DATA_WYPOZYCZENIA, DATA_ODDANIA) values (51, '2016-12-24', '2017-03-21');
insert into WYPOZYCZENIE (ID_WYPOZYCZENIA, DATA_WYPOZYCZENIA, DATA_ODDANIA) values (52, '2015-01-02', '2015-03-13');
insert into WYPOZYCZENIE (ID_WYPOZYCZENIA, DATA_WYPOZYCZENIA, DATA_ODDANIA) values (53, '2015-04-02', '2015-09-26');
insert into WYPOZYCZENIE (ID_WYPOZYCZENIA, DATA_WYPOZYCZENIA, DATA_ODDANIA) values (54, '2016-10-28', '2016-11-01');
insert into WYPOZYCZENIE (ID_WYPOZYCZENIA, DATA_WYPOZYCZENIA, DATA_ODDANIA) values (55, '2015-08-24', '2015-09-01');
insert into WYPOZYCZENIE (ID_WYPOZYCZENIA, DATA_WYPOZYCZENIA, DATA_ODDANIA) values (56, '2015-09-05', '2016-08-05');
insert into WYPOZYCZENIE (ID_WYPOZYCZENIA, DATA_WYPOZYCZENIA, DATA_ODDANIA) values (57, '2015-11-07', '2016-03-17');
insert into WYPOZYCZENIE (ID_WYPOZYCZENIA, DATA_WYPOZYCZENIA, DATA_ODDANIA) values (58, '2015-12-01', '2016-01-13');
insert into WYPOZYCZENIE (ID_WYPOZYCZENIA, DATA_WYPOZYCZENIA, DATA_ODDANIA) values (59, '2015-12-28', '2016-01-27');
insert into WYPOZYCZENIE (ID_WYPOZYCZENIA, DATA_WYPOZYCZENIA, DATA_ODDANIA) values (60, '2016-11-14', '2016-12-30');
insert into WYPOZYCZENIE (ID_WYPOZYCZENIA, DATA_WYPOZYCZENIA, DATA_ODDANIA) values (61, '2015-02-16', '2015-08-15');
insert into WYPOZYCZENIE (ID_WYPOZYCZENIA, DATA_WYPOZYCZENIA, DATA_ODDANIA) values (62, '2016-11-03', '2017-07-12');
insert into WYPOZYCZENIE (ID_WYPOZYCZENIA, DATA_WYPOZYCZENIA, DATA_ODDANIA) values (63, '2016-10-18', '2017-03-19');
insert into WYPOZYCZENIE (ID_WYPOZYCZENIA, DATA_WYPOZYCZENIA, DATA_ODDANIA) values (64, '2014-02-05', '2014-06-28');
insert into WYPOZYCZENIE (ID_WYPOZYCZENIA, DATA_WYPOZYCZENIA, DATA_ODDANIA) values (65, '2017-02-09', '2017-02-27');
insert into WYPOZYCZENIE (ID_WYPOZYCZENIA, DATA_WYPOZYCZENIA, DATA_ODDANIA) values (66, '2015-03-17', '2015-09-13');
insert into WYPOZYCZENIE (ID_WYPOZYCZENIA, DATA_WYPOZYCZENIA, DATA_ODDANIA) values (67, '2014-05-29', '2015-09-01');
insert into WYPOZYCZENIE (ID_WYPOZYCZENIA, DATA_WYPOZYCZENIA, DATA_ODDANIA) values (68, '2016-04-30', '2016-08-26');
insert into WYPOZYCZENIE (ID_WYPOZYCZENIA, DATA_WYPOZYCZENIA, DATA_ODDANIA) values (69, '2015-09-16', '2015-10-05');
insert into WYPOZYCZENIE (ID_WYPOZYCZENIA, DATA_WYPOZYCZENIA, DATA_ODDANIA) values (70, '2015-10-12', '2015-10-29');
insert into WYPOZYCZENIE (ID_WYPOZYCZENIA, DATA_WYPOZYCZENIA, DATA_ODDANIA) values (71, '2016-06-23', '2016-12-10');
insert into WYPOZYCZENIE (ID_WYPOZYCZENIA, DATA_WYPOZYCZENIA, DATA_ODDANIA) values (72, '2016-11-17', '2017-01-04');
insert into WYPOZYCZENIE (ID_WYPOZYCZENIA, DATA_WYPOZYCZENIA, DATA_ODDANIA) values (73, '2016-12-01', '2017-03-26');
insert into WYPOZYCZENIE (ID_WYPOZYCZENIA, DATA_WYPOZYCZENIA, DATA_ODDANIA) values (74, '2016-08-27', '2016-10-19');
insert into WYPOZYCZENIE (ID_WYPOZYCZENIA, DATA_WYPOZYCZENIA, DATA_ODDANIA) values (75, '2014-10-10', '2014-11-28');
insert into WYPOZYCZENIE (ID_WYPOZYCZENIA, DATA_WYPOZYCZENIA, DATA_ODDANIA) values (76, '2014-12-26', '2015-05-06');
insert into WYPOZYCZENIE (ID_WYPOZYCZENIA, DATA_WYPOZYCZENIA, DATA_ODDANIA) values (77, '2014-09-21', '2014-12-21');
insert into WYPOZYCZENIE (ID_WYPOZYCZENIA, DATA_WYPOZYCZENIA, DATA_ODDANIA) values (78, '2014-02-23', '2014-11-05');
insert into WYPOZYCZENIE (ID_WYPOZYCZENIA, DATA_WYPOZYCZENIA, DATA_ODDANIA) values (79, '2016-11-10', '2016-11-19');
insert into WYPOZYCZENIE (ID_WYPOZYCZENIA, DATA_WYPOZYCZENIA, DATA_ODDANIA) values (80, '2015-01-11', '2015-07-06');
insert into WYPOZYCZENIE (ID_WYPOZYCZENIA, DATA_WYPOZYCZENIA, DATA_ODDANIA) values (81, '2014-09-27', '2014-10-03');
insert into WYPOZYCZENIE (ID_WYPOZYCZENIA, DATA_WYPOZYCZENIA, DATA_ODDANIA) values (82, '2016-10-18', '2016-12-03');
insert into WYPOZYCZENIE (ID_WYPOZYCZENIA, DATA_WYPOZYCZENIA, DATA_ODDANIA) values (83, '2015-04-30', '2016-04-20');
insert into WYPOZYCZENIE (ID_WYPOZYCZENIA, DATA_WYPOZYCZENIA, DATA_ODDANIA) values (84, '2015-03-21', '2015-04-18');
insert into WYPOZYCZENIE (ID_WYPOZYCZENIA, DATA_WYPOZYCZENIA, DATA_ODDANIA) values (85, '2016-12-17', '2017-02-28');
insert into WYPOZYCZENIE (ID_WYPOZYCZENIA, DATA_WYPOZYCZENIA, DATA_ODDANIA) values (86, '2016-12-08', '2017-01-03');
insert into WYPOZYCZENIE (ID_WYPOZYCZENIA, DATA_WYPOZYCZENIA, DATA_ODDANIA) values (87, '2017-01-07', '2017-03-20');
insert into WYPOZYCZENIE (ID_WYPOZYCZENIA, DATA_WYPOZYCZENIA, DATA_ODDANIA) values (88, '2014-05-19', '2014-10-11');
insert into WYPOZYCZENIE (ID_WYPOZYCZENIA, DATA_WYPOZYCZENIA, DATA_ODDANIA) values (89, '2015-12-05', '2016-05-26');
insert into WYPOZYCZENIE (ID_WYPOZYCZENIA, DATA_WYPOZYCZENIA, DATA_ODDANIA) values (90, '2016-10-22', '2017-03-03');
insert into WYPOZYCZENIE (ID_WYPOZYCZENIA, DATA_WYPOZYCZENIA, DATA_ODDANIA) values (91, '2014-07-03', '2015-02-11');
insert into WYPOZYCZENIE (ID_WYPOZYCZENIA, DATA_WYPOZYCZENIA, DATA_ODDANIA) values (92, '2016-11-11', '2017-01-30');
insert into WYPOZYCZENIE (ID_WYPOZYCZENIA, DATA_WYPOZYCZENIA, DATA_ODDANIA) values (93, '2014-08-11', '2014-08-26');
insert into WYPOZYCZENIE (ID_WYPOZYCZENIA, DATA_WYPOZYCZENIA, DATA_ODDANIA) values (94, '2016-03-01', '2016-03-12');
insert into WYPOZYCZENIE (ID_WYPOZYCZENIA, DATA_WYPOZYCZENIA, DATA_ODDANIA) values (95, '2017-01-21', '2017-03-19');
insert into WYPOZYCZENIE (ID_WYPOZYCZENIA, DATA_WYPOZYCZENIA, DATA_ODDANIA) values (96, '2014-07-01', '2014-07-01');
insert into WYPOZYCZENIE (ID_WYPOZYCZENIA, DATA_WYPOZYCZENIA, DATA_ODDANIA) values (97, '2016-05-28', '2016-08-13');
insert into WYPOZYCZENIE (ID_WYPOZYCZENIA, DATA_WYPOZYCZENIA, DATA_ODDANIA) values (98, '2014-07-30', '2016-09-08');
insert into WYPOZYCZENIE (ID_WYPOZYCZENIA, DATA_WYPOZYCZENIA, DATA_ODDANIA) values (99, '2015-10-08', '2016-04-06');
insert into WYPOZYCZENIE (ID_WYPOZYCZENIA, DATA_WYPOZYCZENIA, DATA_ODDANIA) values (100, '2016-06-03', '2016-07-05');
insert into WYPOZYCZENIE (ID_WYPOZYCZENIA, DATA_WYPOZYCZENIA, DATA_ODDANIA) values (101, '2015-04-12', '2015-05-21');
insert into WYPOZYCZENIE (ID_WYPOZYCZENIA, DATA_WYPOZYCZENIA, DATA_ODDANIA) values (102, '2014-05-13', '2015-02-08');
insert into WYPOZYCZENIE (ID_WYPOZYCZENIA, DATA_WYPOZYCZENIA, DATA_ODDANIA) values (103, '2016-04-21', '2016-04-23');
insert into WYPOZYCZENIE (ID_WYPOZYCZENIA, DATA_WYPOZYCZENIA, DATA_ODDANIA) values (104, '2015-07-09', '2016-02-09');
insert into WYPOZYCZENIE (ID_WYPOZYCZENIA, DATA_WYPOZYCZENIA, DATA_ODDANIA) values (105, '2016-07-21', '2016-07-25');
insert into WYPOZYCZENIE (ID_WYPOZYCZENIA, DATA_WYPOZYCZENIA, DATA_ODDANIA) values (106, '2016-05-30', '2016-12-27');
insert into WYPOZYCZENIE (ID_WYPOZYCZENIA, DATA_WYPOZYCZENIA, DATA_ODDANIA) values (107, '2016-04-06', '2016-06-18');
insert into WYPOZYCZENIE (ID_WYPOZYCZENIA, DATA_WYPOZYCZENIA, DATA_ODDANIA) values (108, '2015-04-13', '2015-08-21');
insert into WYPOZYCZENIE (ID_WYPOZYCZENIA, DATA_WYPOZYCZENIA, DATA_ODDANIA) values (109, '2014-09-03', '2014-11-18');
insert into WYPOZYCZENIE (ID_WYPOZYCZENIA, DATA_WYPOZYCZENIA, DATA_ODDANIA) values (110, '2016-01-25', '2016-03-16');
insert into WYPOZYCZENIE (ID_WYPOZYCZENIA, DATA_WYPOZYCZENIA, DATA_ODDANIA) values (111, '2015-05-05', '2015-09-11');
insert into WYPOZYCZENIE (ID_WYPOZYCZENIA, DATA_WYPOZYCZENIA, DATA_ODDANIA) values (112, '2017-02-07', '2017-03-03');
insert into WYPOZYCZENIE (ID_WYPOZYCZENIA, DATA_WYPOZYCZENIA, DATA_ODDANIA) values (113, '2014-02-13', '2014-07-01');
insert into WYPOZYCZENIE (ID_WYPOZYCZENIA, DATA_WYPOZYCZENIA, DATA_ODDANIA) values (114, '2014-07-25', '2015-04-16');
insert into WYPOZYCZENIE (ID_WYPOZYCZENIA, DATA_WYPOZYCZENIA, DATA_ODDANIA) values (115, '2015-08-15', '2016-04-29');
insert into WYPOZYCZENIE (ID_WYPOZYCZENIA, DATA_WYPOZYCZENIA, DATA_ODDANIA) values (116, '2015-06-27', '2015-08-20');
insert into WYPOZYCZENIE (ID_WYPOZYCZENIA, DATA_WYPOZYCZENIA, DATA_ODDANIA) values (117, '2014-11-30', '2015-05-11');
insert into WYPOZYCZENIE (ID_WYPOZYCZENIA, DATA_WYPOZYCZENIA, DATA_ODDANIA) values (118, '2015-03-23', '2015-04-13');
insert into WYPOZYCZENIE (ID_WYPOZYCZENIA, DATA_WYPOZYCZENIA, DATA_ODDANIA) values (119, '2016-09-13', '2016-10-03');
insert into WYPOZYCZENIE (ID_WYPOZYCZENIA, DATA_WYPOZYCZENIA, DATA_ODDANIA) values (120, '2015-01-28', '2015-03-06');
insert into WYPOZYCZENIE (ID_WYPOZYCZENIA, DATA_WYPOZYCZENIA, DATA_ODDANIA) values (121, '2015-08-17', '2015-10-22');
insert into WYPOZYCZENIE (ID_WYPOZYCZENIA, DATA_WYPOZYCZENIA, DATA_ODDANIA) values (122, '2016-06-20', '2016-08-06');
insert into WYPOZYCZENIE (ID_WYPOZYCZENIA, DATA_WYPOZYCZENIA, DATA_ODDANIA) values (123, '2016-05-30', '2016-07-31');
insert into WYPOZYCZENIE (ID_WYPOZYCZENIA, DATA_WYPOZYCZENIA, DATA_ODDANIA) values (124, '2015-09-12', '2015-11-13');
insert into WYPOZYCZENIE (ID_WYPOZYCZENIA, DATA_WYPOZYCZENIA, DATA_ODDANIA) values (125, '2014-10-05', '2014-11-05');
insert into WYPOZYCZENIE (ID_WYPOZYCZENIA, DATA_WYPOZYCZENIA, DATA_ODDANIA) values (126, '2016-05-08', '2016-10-22');
insert into WYPOZYCZENIE (ID_WYPOZYCZENIA, DATA_WYPOZYCZENIA, DATA_ODDANIA) values (127, '2015-09-10', '2015-12-08');
insert into WYPOZYCZENIE (ID_WYPOZYCZENIA, DATA_WYPOZYCZENIA, DATA_ODDANIA) values (128, '2015-11-14', '2016-04-03');
insert into WYPOZYCZENIE (ID_WYPOZYCZENIA, DATA_WYPOZYCZENIA, DATA_ODDANIA) values (129, '2016-02-01', '2016-04-23');
insert into WYPOZYCZENIE (ID_WYPOZYCZENIA, DATA_WYPOZYCZENIA, DATA_ODDANIA) values (130, '2016-05-23', '2016-08-31');
insert into WYPOZYCZENIE (ID_WYPOZYCZENIA, DATA_WYPOZYCZENIA, DATA_ODDANIA) values (131, '2015-12-08', '2016-10-22');
insert into WYPOZYCZENIE (ID_WYPOZYCZENIA, DATA_WYPOZYCZENIA, DATA_ODDANIA) values (132, '2015-08-13', '2015-12-01');
insert into WYPOZYCZENIE (ID_WYPOZYCZENIA, DATA_WYPOZYCZENIA, DATA_ODDANIA) values (133, '2015-01-08', '2015-02-05');
insert into WYPOZYCZENIE (ID_WYPOZYCZENIA, DATA_WYPOZYCZENIA, DATA_ODDANIA) values (134, '2015-02-10', '2015-10-25');
insert into WYPOZYCZENIE (ID_WYPOZYCZENIA, DATA_WYPOZYCZENIA, DATA_ODDANIA) values (135, '2015-01-09', '2015-04-17');
insert into WYPOZYCZENIE (ID_WYPOZYCZENIA, DATA_WYPOZYCZENIA, DATA_ODDANIA) values (136, '2014-12-13', '2015-05-24');
insert into WYPOZYCZENIE (ID_WYPOZYCZENIA, DATA_WYPOZYCZENIA, DATA_ODDANIA) values (137, '2014-10-05', '2015-06-20');
insert into WYPOZYCZENIE (ID_WYPOZYCZENIA, DATA_WYPOZYCZENIA, DATA_ODDANIA) values (138, '2016-03-10', '2016-12-17');
insert into WYPOZYCZENIE (ID_WYPOZYCZENIA, DATA_WYPOZYCZENIA, DATA_ODDANIA) values (139, '2015-01-23', '2015-04-09');
insert into WYPOZYCZENIE (ID_WYPOZYCZENIA, DATA_WYPOZYCZENIA, DATA_ODDANIA) values (140, '2014-11-18', '2014-12-06');
insert into WYPOZYCZENIE (ID_WYPOZYCZENIA, DATA_WYPOZYCZENIA, DATA_ODDANIA) values (141, '2014-12-20', '2015-03-27');
insert into WYPOZYCZENIE (ID_WYPOZYCZENIA, DATA_WYPOZYCZENIA, DATA_ODDANIA) values (142, '2016-01-03', '2016-09-26');
insert into WYPOZYCZENIE (ID_WYPOZYCZENIA, DATA_WYPOZYCZENIA, DATA_ODDANIA) values (143, '2015-11-05', '2016-09-17');
insert into WYPOZYCZENIE (ID_WYPOZYCZENIA, DATA_WYPOZYCZENIA, DATA_ODDANIA) values (144, '2017-03-20', '2017-04-01');
insert into WYPOZYCZENIE (ID_WYPOZYCZENIA, DATA_WYPOZYCZENIA, DATA_ODDANIA) values (145, '2015-11-20', '2016-10-22');
insert into WYPOZYCZENIE (ID_WYPOZYCZENIA, DATA_WYPOZYCZENIA, DATA_ODDANIA) values (146, '2015-07-16', '2015-09-30');
insert into WYPOZYCZENIE (ID_WYPOZYCZENIA, DATA_WYPOZYCZENIA, DATA_ODDANIA) values (147, '2016-02-04', '2016-03-01');
insert into WYPOZYCZENIE (ID_WYPOZYCZENIA, DATA_WYPOZYCZENIA, DATA_ODDANIA) values (148, '2015-11-20', '2015-12-18');
insert into WYPOZYCZENIE (ID_WYPOZYCZENIA, DATA_WYPOZYCZENIA, DATA_ODDANIA) values (149, '2015-10-19', '2015-12-13');
insert into WYPOZYCZENIE (ID_WYPOZYCZENIA, DATA_WYPOZYCZENIA, DATA_ODDANIA) values (150, '2014-04-05', '2014-12-05');

insert into KONTO (ID_KONTA, LOGIN, HASLO, CZY_ADMIN, ID_KLIENTA) values (1, 'vperry0', 'X3Qv0cddK', 'F', 1);
insert into KONTO (ID_KONTA, LOGIN, HASLO, CZY_ADMIN, ID_KLIENTA) values (2, 'wbaker1', 'uh2BBTAi1', 'F', 2);
insert into KONTO (ID_KONTA, LOGIN, HASLO, CZY_ADMIN, ID_KLIENTA) values (3, 'lmurphy2', 'axYMeUY', 'F', 3);
insert into KONTO (ID_KONTA, LOGIN, HASLO, CZY_ADMIN, ID_KLIENTA) values (4, 'sthomas3', 'JNtx3g5W', 'F', 4);
insert into KONTO (ID_KONTA, LOGIN, HASLO, CZY_ADMIN, ID_KLIENTA) values (5, 'gperry4', 'Omb3hmi', 'F', 5);
insert into KONTO (ID_KONTA, LOGIN, HASLO, CZY_ADMIN, ID_KLIENTA) values (6, 'jallen5', 'hOsB95lxul', 'F', 6);
insert into KONTO (ID_KONTA, LOGIN, HASLO, CZY_ADMIN, ID_KLIENTA) values (7, 'kbowman6', 'jBIS1QAw8n', 'F', 7);
insert into KONTO (ID_KONTA, LOGIN, HASLO, CZY_ADMIN, ID_KLIENTA) values (8, 'pcunningham7', 'sifJli', 'F', 8);
insert into KONTO (ID_KONTA, LOGIN, HASLO, CZY_ADMIN, ID_KLIENTA) values (9, 'mphillips8', 'qSCzHsrOmjyr', 'F', 9);
insert into KONTO (ID_KONTA, LOGIN, HASLO, CZY_ADMIN, ID_KLIENTA) values (10, 'ehart9', 'f3hhyckZcidY', 'F', 10);
insert into KONTO (ID_KONTA, LOGIN, HASLO, CZY_ADMIN, ID_KLIENTA) values (11, 'nmasona', 'OHEnpn', 'F', 11);
insert into KONTO (ID_KONTA, LOGIN, HASLO, CZY_ADMIN, ID_KLIENTA) values (12, 'tfosterb', 'AkTqy2WaXiq', 'F', 12);
insert into KONTO (ID_KONTA, LOGIN, HASLO, CZY_ADMIN, ID_KLIENTA) values (13, 'hhayesc', 'lR2Nizw', 'F', 13);
insert into KONTO (ID_KONTA, LOGIN, HASLO, CZY_ADMIN, ID_KLIENTA) values (14, 'lpayned', 'ZKFSBX08d', 'F', 14);
insert into KONTO (ID_KONTA, LOGIN, HASLO, CZY_ADMIN, ID_KLIENTA) values (15, 'lgarrette', 'e3KZhqP9A', 'F', 15);
insert into KONTO (ID_KONTA, LOGIN, HASLO, CZY_ADMIN, ID_KLIENTA) values (16, 'sporterf', 'Y88xZMIMev8', 'F', 16);
insert into KONTO (ID_KONTA, LOGIN, HASLO, CZY_ADMIN, ID_KLIENTA) values (17, 'coliverg', 'fnni4O', 'F', 17);
insert into KONTO (ID_KONTA, LOGIN, HASLO, CZY_ADMIN, ID_KLIENTA) values (18, 'gnelsonh', '9mTZJ3n', 'F', 18);
insert into KONTO (ID_KONTA, LOGIN, HASLO, CZY_ADMIN, ID_KLIENTA) values (19, 'jrossi', 'Fa9v825GNET', 'F', 19);
insert into KONTO (ID_KONTA, LOGIN, HASLO, CZY_ADMIN, ID_KLIENTA) values (20, 'jreynoldsj', 'n2lYwkMzugg1', 'F', 20);
insert into KONTO (ID_KONTA, LOGIN, HASLO, CZY_ADMIN, ID_KLIENTA) values (21, 'apricek', 'YCCYwGA', 'F', 21);
insert into KONTO (ID_KONTA, LOGIN, HASLO, CZY_ADMIN, ID_KLIENTA) values (22, 'hmartinl', 'xSWGS1ayK4u', 'F', 22);
insert into KONTO (ID_KONTA, LOGIN, HASLO, CZY_ADMIN, ID_KLIENTA) values (23, 'mcrawfordm', 'Y0PGESKK', 'F', 23);
insert into KONTO (ID_KONTA, LOGIN, HASLO, CZY_ADMIN, ID_KLIENTA) values (24, 'mrusselln', '9gyU1erJ', 'F', 24);
insert into KONTO (ID_KONTA, LOGIN, HASLO, CZY_ADMIN, ID_KLIENTA) values (25, 'bburtono', 'fqXgPqbZ', 'F', 25);
insert into KONTO (ID_KONTA, LOGIN, HASLO, CZY_ADMIN, ID_KLIENTA) values (26, 'jaustinp', 'SR7kcuORgWi', 'F', 26);
insert into KONTO (ID_KONTA, LOGIN, HASLO, CZY_ADMIN, ID_KLIENTA) values (27, 'rburkeq', 'FLTLKn', 'F', 27);
insert into KONTO (ID_KONTA, LOGIN, HASLO, CZY_ADMIN, ID_KLIENTA) values (28, 'jwatsonr', 'xmUDJHrYNDJ', 'F', 28);
insert into KONTO (ID_KONTA, LOGIN, HASLO, CZY_ADMIN, ID_KLIENTA) values (29, 'swilliamss', 'r0Ic6T', 'F', 29);
insert into KONTO (ID_KONTA, LOGIN, HASLO, CZY_ADMIN, ID_KLIENTA) values (30, 'lgardnert', 'V9uatd', 'F', 30);
insert into KONTO (ID_KONTA, LOGIN, HASLO, CZY_ADMIN, ID_KLIENTA) values (31, 'jfranklinu', 'ERWDWrHqm', 'F', 31);
insert into KONTO (ID_KONTA, LOGIN, HASLO, CZY_ADMIN, ID_KLIENTA) values (32, 'jjohnstonv', 'ZffNMmYl', 'F', 32);
insert into KONTO (ID_KONTA, LOGIN, HASLO, CZY_ADMIN, ID_KLIENTA) values (33, 'phernandezw', 'eoDtSnr9VS', 'F', 33);
insert into KONTO (ID_KONTA, LOGIN, HASLO, CZY_ADMIN, ID_KLIENTA) values (34, 'rgarrettx', 'iBQOWvqa3c', 'F', 34);
insert into KONTO (ID_KONTA, LOGIN, HASLO, CZY_ADMIN, ID_KLIENTA) values (35, 'lkennedyy', 'ZRfW3asJv', 'F', 35);
insert into KONTO (ID_KONTA, LOGIN, HASLO, CZY_ADMIN, ID_KLIENTA) values (36, 'arichardsz', 's6t3LSowZEhZ', 'F', 36);
insert into KONTO (ID_KONTA, LOGIN, HASLO, CZY_ADMIN, ID_KLIENTA) values (37, 'ereynolds10', 'v8UTGq', 'F', 37);
insert into KONTO (ID_KONTA, LOGIN, HASLO, CZY_ADMIN, ID_KLIENTA) values (38, 'adaniels11', '9GrpCUrKsq', 'F', 38);
insert into KONTO (ID_KONTA, LOGIN, HASLO, CZY_ADMIN, ID_KLIENTA) values (39, 'wedwards12', 'AD8gjsq', 'F', 39);
insert into KONTO (ID_KONTA, LOGIN, HASLO, CZY_ADMIN, ID_KLIENTA) values (40, 'kwatkins13', 'pe2foRQ', 'F', 40);
insert into KONTO (ID_KONTA, LOGIN, HASLO, CZY_ADMIN, ID_KLIENTA) values (41, 'hpierce14', 'pAFu2Uu1H', 'F', 41);
insert into KONTO (ID_KONTA, LOGIN, HASLO, CZY_ADMIN, ID_KLIENTA) values (42, 'aray15', 'w2AMl3viFas', 'F', 42);
insert into KONTO (ID_KONTA, LOGIN, HASLO, CZY_ADMIN, ID_KLIENTA) values (43, 'ksims16', 'Ky9V5aNW7dj', 'F', 43);
insert into KONTO (ID_KONTA, LOGIN, HASLO, CZY_ADMIN, ID_KLIENTA) values (44, 'jmorrison17', 'cDOoOMhlB', 'F', 44);
insert into KONTO (ID_KONTA, LOGIN, HASLO, CZY_ADMIN, ID_KLIENTA) values (45, 'gcruz18', '1eikzujiCO3p', 'F', 45);
insert into KONTO (ID_KONTA, LOGIN, HASLO, CZY_ADMIN, ID_KLIENTA) values (46, 'lwarren19', 'Rv1gexXjF', 'F', 46);
insert into KONTO (ID_KONTA, LOGIN, HASLO, CZY_ADMIN, ID_KLIENTA) values (47, 'awilliams1a', 'NR81AQK', 'F', 47);
insert into KONTO (ID_KONTA, LOGIN, HASLO, CZY_ADMIN, ID_KLIENTA) values (48, 'jhunter1b', 'wUuSDe60QE', 'F', 48);
insert into KONTO (ID_KONTA, LOGIN, HASLO, CZY_ADMIN, ID_KLIENTA) values (49, 'cwarren1c', '1Nq3PK7y0', 'F', 49);
insert into KONTO (ID_KONTA, LOGIN, HASLO, CZY_ADMIN, ID_KLIENTA) values (50, 'epowell1d', 'FiDpf8', 'F', 50);
insert into KONTO (ID_KONTA, LOGIN, HASLO, CZY_ADMIN, ID_KLIENTA) values (51, 'mdean1e', 'bR1eZ87jp0K', 'F', 51);
insert into KONTO (ID_KONTA, LOGIN, HASLO, CZY_ADMIN, ID_KLIENTA) values (52, 'njohnson1f', 'rKQISo', 'F', 52);
insert into KONTO (ID_KONTA, LOGIN, HASLO, CZY_ADMIN, ID_KLIENTA) values (53, 'apalmer1g', 'uYmuCJ4', 'F', 53);
insert into KONTO (ID_KONTA, LOGIN, HASLO, CZY_ADMIN, ID_KLIENTA) values (54, 'cburton1h', 'sYzqv7hyy', 'F', 54);
insert into KONTO (ID_KONTA, LOGIN, HASLO, CZY_ADMIN, ID_KLIENTA) values (55, 'cscott1i', 'ULysxt', 'F', 55);
insert into KONTO (ID_KONTA, LOGIN, HASLO, CZY_ADMIN, ID_KLIENTA) values (56, 'ksimpson1j', 'BqFLaN', 'F', 56);
insert into KONTO (ID_KONTA, LOGIN, HASLO, CZY_ADMIN, ID_KLIENTA) values (57, 'abell1k', 'Ijq8KZfp', 'F', 57);
insert into KONTO (ID_KONTA, LOGIN, HASLO, CZY_ADMIN, ID_KLIENTA) values (58, 'chanson1l', 'Tglcf7', 'F', 58);
insert into KONTO (ID_KONTA, LOGIN, HASLO, CZY_ADMIN, ID_KLIENTA) values (59, 'mpatterson1m', 'y4BpxL', 'F', 59);
insert into KONTO (ID_KONTA, LOGIN, HASLO, CZY_ADMIN, ID_KLIENTA) values (60, 'crichardson1n', 'fGxRnW', 'F', 60);
insert into KONTO (ID_KONTA, LOGIN, HASLO, CZY_ADMIN, ID_KLIENTA) values (61, 'mcarpenter1o', '3FpdBfJOYAZh', 'F', 61);
insert into KONTO (ID_KONTA, LOGIN, HASLO, CZY_ADMIN, ID_KLIENTA) values (62, 'pdixon1p', 'aDdcszw', 'F', 62);
insert into KONTO (ID_KONTA, LOGIN, HASLO, CZY_ADMIN, ID_KLIENTA) values (63, 'rlawson1q', 'pj9D98BhvV0e', 'F', 63);
insert into KONTO (ID_KONTA, LOGIN, HASLO, CZY_ADMIN, ID_KLIENTA) values (64, 'fberry1r', 'xum1v0', 'F', 64);
insert into KONTO (ID_KONTA, LOGIN, HASLO, CZY_ADMIN, ID_KLIENTA) values (65, 'mlane1s', 'awRA696BO5i', 'F', 65);
insert into KONTO (ID_KONTA, LOGIN, HASLO, CZY_ADMIN, ID_KLIENTA) values (66, 'ifernandez1t', 'Khimz41G', 'F', 66);
insert into KONTO (ID_KONTA, LOGIN, HASLO, CZY_ADMIN, ID_KLIENTA) values (67, 'rduncan1u', 'sV77AT', 'F', 67);
insert into KONTO (ID_KONTA, LOGIN, HASLO, CZY_ADMIN, ID_KLIENTA) values (68, 'ediaz1v', 'mZaPFl', 'F', 68);
insert into KONTO (ID_KONTA, LOGIN, HASLO, CZY_ADMIN, ID_KLIENTA) values (69, 'fpeters1w', 'II1X53ZVEcVQ', 'F', 69);
insert into KONTO (ID_KONTA, LOGIN, HASLO, CZY_ADMIN, ID_KLIENTA) values (70, 'ecoleman1x', 'A2On3ntuk', 'F', 70);
insert into KONTO (ID_KONTA, LOGIN, HASLO, CZY_ADMIN, ID_KLIENTA) values (71, 'dprice1y', '8BCGnvIzjlii', 'F', 71);
insert into KONTO (ID_KONTA, LOGIN, HASLO, CZY_ADMIN, ID_KLIENTA) values (72, 'areyes1z', 'AdYKX5V', 'F', 72);
insert into KONTO (ID_KONTA, LOGIN, HASLO, CZY_ADMIN, ID_KLIENTA) values (73, 'kgarza20', '9HhzktI', 'F', 73);
insert into KONTO (ID_KONTA, LOGIN, HASLO, CZY_ADMIN, ID_KLIENTA) values (74, 'bchavez21', 'S7Ink0gNOYNJ', 'F', 74);
insert into KONTO (ID_KONTA, LOGIN, HASLO, CZY_ADMIN, ID_KLIENTA) values (75, 'ahanson22', '5shOaPTCIh9', 'F', 75);
insert into KONTO (ID_KONTA, LOGIN, HASLO, CZY_ADMIN, ID_KLIENTA) values (76, 'lhawkins23', '6g3fw363pb2', 'F', 76);
insert into KONTO (ID_KONTA, LOGIN, HASLO, CZY_ADMIN, ID_KLIENTA) values (77, 'rramirez24', 'c1wsQicpJ', 'F', 77);
insert into KONTO (ID_KONTA, LOGIN, HASLO, CZY_ADMIN, ID_KLIENTA) values (78, 'pgonzales25', 'z99PtK0D8z', 'F', 78);
insert into KONTO (ID_KONTA, LOGIN, HASLO, CZY_ADMIN, ID_KLIENTA) values (79, 'mallen26', 'zqyO9SYzpwY', 'F', 79);
insert into KONTO (ID_KONTA, LOGIN, HASLO, CZY_ADMIN, ID_KLIENTA) values (80, 'cphillips27', 'FwjOPet', 'F', 80);
insert into KONTO (ID_KONTA, LOGIN, HASLO, CZY_ADMIN, ID_KLIENTA) values (81, 'atucker28', 'zTrqPz', 'F', 81);
insert into KONTO (ID_KONTA, LOGIN, HASLO, CZY_ADMIN, ID_KLIENTA) values (82, 'ahoward29', 'AybWa7evy', 'F', 82);
insert into KONTO (ID_KONTA, LOGIN, HASLO, CZY_ADMIN, ID_KLIENTA) values (83, 'rlawson2a', 'c6pV9Ue', 'F', 83);
insert into KONTO (ID_KONTA, LOGIN, HASLO, CZY_ADMIN, ID_KLIENTA) values (84, 'sortiz2b', '7I6scXYDvAmd', 'F', 84);
insert into KONTO (ID_KONTA, LOGIN, HASLO, CZY_ADMIN, ID_KLIENTA) values (85, 'nkelley2c', 'raE2HDo1bHDc', 'F', 85);
insert into KONTO (ID_KONTA, LOGIN, HASLO, CZY_ADMIN, ID_KLIENTA) values (86, 'mwest2d', '3r6J2j', 'F', 86);
insert into KONTO (ID_KONTA, LOGIN, HASLO, CZY_ADMIN, ID_KLIENTA) values (87, 'nevans2e', '3IaJrUSVNtk4', 'F', 87);
insert into KONTO (ID_KONTA, LOGIN, HASLO, CZY_ADMIN, ID_KLIENTA) values (88, 'lstevens2f', 'A3yelXWMgG', 'F', 88);
insert into KONTO (ID_KONTA, LOGIN, HASLO, CZY_ADMIN, ID_KLIENTA) values (89, 'jjohnson2g', 'EGF0PrHneI6', 'F', 89);
insert into KONTO (ID_KONTA, LOGIN, HASLO, CZY_ADMIN, ID_KLIENTA) values (90, 'scooper2h', 'z8VbF4L3vF', 'F', 90);
insert into KONTO (ID_KONTA, LOGIN, HASLO, CZY_ADMIN, ID_KLIENTA) values (91, 'dfox2i', 'vbrEwTYcJVz5', 'F', 91);
insert into KONTO (ID_KONTA, LOGIN, HASLO, CZY_ADMIN, ID_KLIENTA) values (92, 'jwelch2j', 'XS9E5Gmg4dDQ', 'F', 92);
insert into KONTO (ID_KONTA, LOGIN, HASLO, CZY_ADMIN, ID_KLIENTA) values (93, 'jfreeman2k', 'wZtAay', 'F', 93);
insert into KONTO (ID_KONTA, LOGIN, HASLO, CZY_ADMIN, ID_KLIENTA) values (94, 'ahart2l', 'KdqyVRYlD', 'F', 94);
insert into KONTO (ID_KONTA, LOGIN, HASLO, CZY_ADMIN, ID_KLIENTA) values (95, 'abradley2m', 'WGFBqZiBe', 'F', 95);
insert into KONTO (ID_KONTA, LOGIN, HASLO, CZY_ADMIN, ID_KLIENTA) values (96, 'pblack2n', '0rl65p', 'F', 96);
insert into KONTO (ID_KONTA, LOGIN, HASLO, CZY_ADMIN, ID_KLIENTA) values (97, 'amcdonald2o', 'VyQY078CZ', 'F', 97);
insert into KONTO (ID_KONTA, LOGIN, HASLO, CZY_ADMIN, ID_KLIENTA) values (98, 'tstone2p', 'd2iJU6LOjyIw', 'F', 98);
insert into KONTO (ID_KONTA, LOGIN, HASLO, CZY_ADMIN, ID_KLIENTA) values (99, 'pgreen2q', 'SDhkSyuj', 'T', 99);
insert into KONTO (ID_KONTA, LOGIN, HASLO, CZY_ADMIN, ID_KLIENTA) values (100, 'mwilliamson2r', 'dQ411k', 'T', 100);

insert into DANE_WYPOZYCZENIA (ID_EGZEMPLARZU, ID_KLIENTA, ID_WYPOZYCZENIA) values (52, 5, 1);
insert into DANE_WYPOZYCZENIA (ID_EGZEMPLARZU, ID_KLIENTA, ID_WYPOZYCZENIA) values (67, 35, 2);
insert into DANE_WYPOZYCZENIA (ID_EGZEMPLARZU, ID_KLIENTA, ID_WYPOZYCZENIA) values (7, 28, 3);
insert into DANE_WYPOZYCZENIA (ID_EGZEMPLARZU, ID_KLIENTA, ID_WYPOZYCZENIA) values (61, 54, 4);
insert into DANE_WYPOZYCZENIA (ID_EGZEMPLARZU, ID_KLIENTA, ID_WYPOZYCZENIA) values (10, 16, 5);
insert into DANE_WYPOZYCZENIA (ID_EGZEMPLARZU, ID_KLIENTA, ID_WYPOZYCZENIA) values (25, 94, 6);
insert into DANE_WYPOZYCZENIA (ID_EGZEMPLARZU, ID_KLIENTA, ID_WYPOZYCZENIA) values (44, 14, 7);
insert into DANE_WYPOZYCZENIA (ID_EGZEMPLARZU, ID_KLIENTA, ID_WYPOZYCZENIA) values (13, 17, 8);
insert into DANE_WYPOZYCZENIA (ID_EGZEMPLARZU, ID_KLIENTA, ID_WYPOZYCZENIA) values (31, 23, 9);
insert into DANE_WYPOZYCZENIA (ID_EGZEMPLARZU, ID_KLIENTA, ID_WYPOZYCZENIA) values (2, 70, 10);
insert into DANE_WYPOZYCZENIA (ID_EGZEMPLARZU, ID_KLIENTA, ID_WYPOZYCZENIA) values (14, 17, 11);
insert into DANE_WYPOZYCZENIA (ID_EGZEMPLARZU, ID_KLIENTA, ID_WYPOZYCZENIA) values (7, 83, 12);
insert into DANE_WYPOZYCZENIA (ID_EGZEMPLARZU, ID_KLIENTA, ID_WYPOZYCZENIA) values (59, 77, 13);
insert into DANE_WYPOZYCZENIA (ID_EGZEMPLARZU, ID_KLIENTA, ID_WYPOZYCZENIA) values (43, 84, 14);
insert into DANE_WYPOZYCZENIA (ID_EGZEMPLARZU, ID_KLIENTA, ID_WYPOZYCZENIA) values (32, 8, 15);
insert into DANE_WYPOZYCZENIA (ID_EGZEMPLARZU, ID_KLIENTA, ID_WYPOZYCZENIA) values (40, 21, 16);
insert into DANE_WYPOZYCZENIA (ID_EGZEMPLARZU, ID_KLIENTA, ID_WYPOZYCZENIA) values (23, 30, 17);
insert into DANE_WYPOZYCZENIA (ID_EGZEMPLARZU, ID_KLIENTA, ID_WYPOZYCZENIA) values (67, 41, 18);
insert into DANE_WYPOZYCZENIA (ID_EGZEMPLARZU, ID_KLIENTA, ID_WYPOZYCZENIA) values (4, 33, 19);
insert into DANE_WYPOZYCZENIA (ID_EGZEMPLARZU, ID_KLIENTA, ID_WYPOZYCZENIA) values (27, 38, 20);
insert into DANE_WYPOZYCZENIA (ID_EGZEMPLARZU, ID_KLIENTA, ID_WYPOZYCZENIA) values (18, 17, 21);
insert into DANE_WYPOZYCZENIA (ID_EGZEMPLARZU, ID_KLIENTA, ID_WYPOZYCZENIA) values (10, 8, 22);
insert into DANE_WYPOZYCZENIA (ID_EGZEMPLARZU, ID_KLIENTA, ID_WYPOZYCZENIA) values (36, 79, 23);
insert into DANE_WYPOZYCZENIA (ID_EGZEMPLARZU, ID_KLIENTA, ID_WYPOZYCZENIA) values (2, 57, 24);
insert into DANE_WYPOZYCZENIA (ID_EGZEMPLARZU, ID_KLIENTA, ID_WYPOZYCZENIA) values (25, 25, 25);
insert into DANE_WYPOZYCZENIA (ID_EGZEMPLARZU, ID_KLIENTA, ID_WYPOZYCZENIA) values (45, 45, 26);
insert into DANE_WYPOZYCZENIA (ID_EGZEMPLARZU, ID_KLIENTA, ID_WYPOZYCZENIA) values (22, 62, 27);
insert into DANE_WYPOZYCZENIA (ID_EGZEMPLARZU, ID_KLIENTA, ID_WYPOZYCZENIA) values (1, 3, 28);
insert into DANE_WYPOZYCZENIA (ID_EGZEMPLARZU, ID_KLIENTA, ID_WYPOZYCZENIA) values (11, 51, 29);
insert into DANE_WYPOZYCZENIA (ID_EGZEMPLARZU, ID_KLIENTA, ID_WYPOZYCZENIA) values (24, 40, 30);
insert into DANE_WYPOZYCZENIA (ID_EGZEMPLARZU, ID_KLIENTA, ID_WYPOZYCZENIA) values (16, 50, 31);
insert into DANE_WYPOZYCZENIA (ID_EGZEMPLARZU, ID_KLIENTA, ID_WYPOZYCZENIA) values (64, 95, 32);
insert into DANE_WYPOZYCZENIA (ID_EGZEMPLARZU, ID_KLIENTA, ID_WYPOZYCZENIA) values (23, 61, 33);
insert into DANE_WYPOZYCZENIA (ID_EGZEMPLARZU, ID_KLIENTA, ID_WYPOZYCZENIA) values (41, 100, 34);
insert into DANE_WYPOZYCZENIA (ID_EGZEMPLARZU, ID_KLIENTA, ID_WYPOZYCZENIA) values (15, 93, 35);
insert into DANE_WYPOZYCZENIA (ID_EGZEMPLARZU, ID_KLIENTA, ID_WYPOZYCZENIA) values (48, 88, 36);
insert into DANE_WYPOZYCZENIA (ID_EGZEMPLARZU, ID_KLIENTA, ID_WYPOZYCZENIA) values (39, 33, 37);
insert into DANE_WYPOZYCZENIA (ID_EGZEMPLARZU, ID_KLIENTA, ID_WYPOZYCZENIA) values (14, 46, 38);
insert into DANE_WYPOZYCZENIA (ID_EGZEMPLARZU, ID_KLIENTA, ID_WYPOZYCZENIA) values (8, 81, 39);
insert into DANE_WYPOZYCZENIA (ID_EGZEMPLARZU, ID_KLIENTA, ID_WYPOZYCZENIA) values (26, 30, 40);
insert into DANE_WYPOZYCZENIA (ID_EGZEMPLARZU, ID_KLIENTA, ID_WYPOZYCZENIA) values (29, 4, 41);
insert into DANE_WYPOZYCZENIA (ID_EGZEMPLARZU, ID_KLIENTA, ID_WYPOZYCZENIA) values (12, 99, 42);
insert into DANE_WYPOZYCZENIA (ID_EGZEMPLARZU, ID_KLIENTA, ID_WYPOZYCZENIA) values (44, 68, 43);
insert into DANE_WYPOZYCZENIA (ID_EGZEMPLARZU, ID_KLIENTA, ID_WYPOZYCZENIA) values (54, 47, 44);
insert into DANE_WYPOZYCZENIA (ID_EGZEMPLARZU, ID_KLIENTA, ID_WYPOZYCZENIA) values (35, 97, 45);
insert into DANE_WYPOZYCZENIA (ID_EGZEMPLARZU, ID_KLIENTA, ID_WYPOZYCZENIA) values (66, 11, 46);
insert into DANE_WYPOZYCZENIA (ID_EGZEMPLARZU, ID_KLIENTA, ID_WYPOZYCZENIA) values (32, 17, 47);
insert into DANE_WYPOZYCZENIA (ID_EGZEMPLARZU, ID_KLIENTA, ID_WYPOZYCZENIA) values (15, 96, 48);
insert into DANE_WYPOZYCZENIA (ID_EGZEMPLARZU, ID_KLIENTA, ID_WYPOZYCZENIA) values (22, 49, 49);
insert into DANE_WYPOZYCZENIA (ID_EGZEMPLARZU, ID_KLIENTA, ID_WYPOZYCZENIA) values (56, 66, 50);
insert into DANE_WYPOZYCZENIA (ID_EGZEMPLARZU, ID_KLIENTA, ID_WYPOZYCZENIA) values (58, 84, 51);
insert into DANE_WYPOZYCZENIA (ID_EGZEMPLARZU, ID_KLIENTA, ID_WYPOZYCZENIA) values (60, 38, 52);
insert into DANE_WYPOZYCZENIA (ID_EGZEMPLARZU, ID_KLIENTA, ID_WYPOZYCZENIA) values (47, 52, 53);
insert into DANE_WYPOZYCZENIA (ID_EGZEMPLARZU, ID_KLIENTA, ID_WYPOZYCZENIA) values (47, 46, 54);
insert into DANE_WYPOZYCZENIA (ID_EGZEMPLARZU, ID_KLIENTA, ID_WYPOZYCZENIA) values (9, 73, 55);
insert into DANE_WYPOZYCZENIA (ID_EGZEMPLARZU, ID_KLIENTA, ID_WYPOZYCZENIA) values (22, 33, 56);
insert into DANE_WYPOZYCZENIA (ID_EGZEMPLARZU, ID_KLIENTA, ID_WYPOZYCZENIA) values (32, 38, 57);
insert into DANE_WYPOZYCZENIA (ID_EGZEMPLARZU, ID_KLIENTA, ID_WYPOZYCZENIA) values (59, 83, 58);
insert into DANE_WYPOZYCZENIA (ID_EGZEMPLARZU, ID_KLIENTA, ID_WYPOZYCZENIA) values (57, 88, 59);
insert into DANE_WYPOZYCZENIA (ID_EGZEMPLARZU, ID_KLIENTA, ID_WYPOZYCZENIA) values (48, 46, 60);
insert into DANE_WYPOZYCZENIA (ID_EGZEMPLARZU, ID_KLIENTA, ID_WYPOZYCZENIA) values (48, 56, 61);
insert into DANE_WYPOZYCZENIA (ID_EGZEMPLARZU, ID_KLIENTA, ID_WYPOZYCZENIA) values (42, 46, 62);
insert into DANE_WYPOZYCZENIA (ID_EGZEMPLARZU, ID_KLIENTA, ID_WYPOZYCZENIA) values (1, 37, 63);
insert into DANE_WYPOZYCZENIA (ID_EGZEMPLARZU, ID_KLIENTA, ID_WYPOZYCZENIA) values (14, 45, 64);
insert into DANE_WYPOZYCZENIA (ID_EGZEMPLARZU, ID_KLIENTA, ID_WYPOZYCZENIA) values (41, 13, 65);
insert into DANE_WYPOZYCZENIA (ID_EGZEMPLARZU, ID_KLIENTA, ID_WYPOZYCZENIA) values (17, 89, 66);
insert into DANE_WYPOZYCZENIA (ID_EGZEMPLARZU, ID_KLIENTA, ID_WYPOZYCZENIA) values (31, 16, 67);
insert into DANE_WYPOZYCZENIA (ID_EGZEMPLARZU, ID_KLIENTA, ID_WYPOZYCZENIA) values (9, 85, 68);
insert into DANE_WYPOZYCZENIA (ID_EGZEMPLARZU, ID_KLIENTA, ID_WYPOZYCZENIA) values (12, 7, 69);
insert into DANE_WYPOZYCZENIA (ID_EGZEMPLARZU, ID_KLIENTA, ID_WYPOZYCZENIA) values (1, 48, 70);
insert into DANE_WYPOZYCZENIA (ID_EGZEMPLARZU, ID_KLIENTA, ID_WYPOZYCZENIA) values (46, 60, 71);
insert into DANE_WYPOZYCZENIA (ID_EGZEMPLARZU, ID_KLIENTA, ID_WYPOZYCZENIA) values (25, 98, 72);
insert into DANE_WYPOZYCZENIA (ID_EGZEMPLARZU, ID_KLIENTA, ID_WYPOZYCZENIA) values (24, 94, 73);
insert into DANE_WYPOZYCZENIA (ID_EGZEMPLARZU, ID_KLIENTA, ID_WYPOZYCZENIA) values (18, 38, 74);
insert into DANE_WYPOZYCZENIA (ID_EGZEMPLARZU, ID_KLIENTA, ID_WYPOZYCZENIA) values (61, 8, 75);
insert into DANE_WYPOZYCZENIA (ID_EGZEMPLARZU, ID_KLIENTA, ID_WYPOZYCZENIA) values (16, 27, 76);
insert into DANE_WYPOZYCZENIA (ID_EGZEMPLARZU, ID_KLIENTA, ID_WYPOZYCZENIA) values (30, 44, 77);
insert into DANE_WYPOZYCZENIA (ID_EGZEMPLARZU, ID_KLIENTA, ID_WYPOZYCZENIA) values (11, 79, 78);
insert into DANE_WYPOZYCZENIA (ID_EGZEMPLARZU, ID_KLIENTA, ID_WYPOZYCZENIA) values (56, 56, 79);
insert into DANE_WYPOZYCZENIA (ID_EGZEMPLARZU, ID_KLIENTA, ID_WYPOZYCZENIA) values (34, 33, 80);
insert into DANE_WYPOZYCZENIA (ID_EGZEMPLARZU, ID_KLIENTA, ID_WYPOZYCZENIA) values (35, 50, 81);
insert into DANE_WYPOZYCZENIA (ID_EGZEMPLARZU, ID_KLIENTA, ID_WYPOZYCZENIA) values (61, 74, 82);
insert into DANE_WYPOZYCZENIA (ID_EGZEMPLARZU, ID_KLIENTA, ID_WYPOZYCZENIA) values (3, 5, 83);
insert into DANE_WYPOZYCZENIA (ID_EGZEMPLARZU, ID_KLIENTA, ID_WYPOZYCZENIA) values (20, 47, 84);
insert into DANE_WYPOZYCZENIA (ID_EGZEMPLARZU, ID_KLIENTA, ID_WYPOZYCZENIA) values (57, 91, 85);
insert into DANE_WYPOZYCZENIA (ID_EGZEMPLARZU, ID_KLIENTA, ID_WYPOZYCZENIA) values (18, 43, 86);
insert into DANE_WYPOZYCZENIA (ID_EGZEMPLARZU, ID_KLIENTA, ID_WYPOZYCZENIA) values (36, 44, 87);
insert into DANE_WYPOZYCZENIA (ID_EGZEMPLARZU, ID_KLIENTA, ID_WYPOZYCZENIA) values (45, 64, 88);
insert into DANE_WYPOZYCZENIA (ID_EGZEMPLARZU, ID_KLIENTA, ID_WYPOZYCZENIA) values (7, 7, 89);
insert into DANE_WYPOZYCZENIA (ID_EGZEMPLARZU, ID_KLIENTA, ID_WYPOZYCZENIA) values (19, 30, 90);
insert into DANE_WYPOZYCZENIA (ID_EGZEMPLARZU, ID_KLIENTA, ID_WYPOZYCZENIA) values (63, 75, 91);
insert into DANE_WYPOZYCZENIA (ID_EGZEMPLARZU, ID_KLIENTA, ID_WYPOZYCZENIA) values (4, 48, 92);
insert into DANE_WYPOZYCZENIA (ID_EGZEMPLARZU, ID_KLIENTA, ID_WYPOZYCZENIA) values (18, 74, 93);
insert into DANE_WYPOZYCZENIA (ID_EGZEMPLARZU, ID_KLIENTA, ID_WYPOZYCZENIA) values (66, 11, 94);
insert into DANE_WYPOZYCZENIA (ID_EGZEMPLARZU, ID_KLIENTA, ID_WYPOZYCZENIA) values (61, 65, 95);
insert into DANE_WYPOZYCZENIA (ID_EGZEMPLARZU, ID_KLIENTA, ID_WYPOZYCZENIA) values (37, 27, 96);
insert into DANE_WYPOZYCZENIA (ID_EGZEMPLARZU, ID_KLIENTA, ID_WYPOZYCZENIA) values (3, 54, 97);
insert into DANE_WYPOZYCZENIA (ID_EGZEMPLARZU, ID_KLIENTA, ID_WYPOZYCZENIA) values (50, 18, 98);
insert into DANE_WYPOZYCZENIA (ID_EGZEMPLARZU, ID_KLIENTA, ID_WYPOZYCZENIA) values (26, 16, 99);
insert into DANE_WYPOZYCZENIA (ID_EGZEMPLARZU, ID_KLIENTA, ID_WYPOZYCZENIA) values (27, 84, 100);
insert into DANE_WYPOZYCZENIA (ID_EGZEMPLARZU, ID_KLIENTA, ID_WYPOZYCZENIA) values (8, 64, 101);
insert into DANE_WYPOZYCZENIA (ID_EGZEMPLARZU, ID_KLIENTA, ID_WYPOZYCZENIA) values (22, 78, 102);
insert into DANE_WYPOZYCZENIA (ID_EGZEMPLARZU, ID_KLIENTA, ID_WYPOZYCZENIA) values (6, 27, 103);
insert into DANE_WYPOZYCZENIA (ID_EGZEMPLARZU, ID_KLIENTA, ID_WYPOZYCZENIA) values (14, 63, 104);
insert into DANE_WYPOZYCZENIA (ID_EGZEMPLARZU, ID_KLIENTA, ID_WYPOZYCZENIA) values (36, 5, 105);
insert into DANE_WYPOZYCZENIA (ID_EGZEMPLARZU, ID_KLIENTA, ID_WYPOZYCZENIA) values (45, 95, 106);
insert into DANE_WYPOZYCZENIA (ID_EGZEMPLARZU, ID_KLIENTA, ID_WYPOZYCZENIA) values (15, 77, 107);
insert into DANE_WYPOZYCZENIA (ID_EGZEMPLARZU, ID_KLIENTA, ID_WYPOZYCZENIA) values (13, 78, 108);
insert into DANE_WYPOZYCZENIA (ID_EGZEMPLARZU, ID_KLIENTA, ID_WYPOZYCZENIA) values (60, 9, 109);
insert into DANE_WYPOZYCZENIA (ID_EGZEMPLARZU, ID_KLIENTA, ID_WYPOZYCZENIA) values (33, 41, 110);
insert into DANE_WYPOZYCZENIA (ID_EGZEMPLARZU, ID_KLIENTA, ID_WYPOZYCZENIA) values (55, 2, 111);
insert into DANE_WYPOZYCZENIA (ID_EGZEMPLARZU, ID_KLIENTA, ID_WYPOZYCZENIA) values (63, 59, 112);
insert into DANE_WYPOZYCZENIA (ID_EGZEMPLARZU, ID_KLIENTA, ID_WYPOZYCZENIA) values (63, 32, 113);
insert into DANE_WYPOZYCZENIA (ID_EGZEMPLARZU, ID_KLIENTA, ID_WYPOZYCZENIA) values (55, 9, 114);
insert into DANE_WYPOZYCZENIA (ID_EGZEMPLARZU, ID_KLIENTA, ID_WYPOZYCZENIA) values (48, 98, 115);
insert into DANE_WYPOZYCZENIA (ID_EGZEMPLARZU, ID_KLIENTA, ID_WYPOZYCZENIA) values (12, 86, 116);
insert into DANE_WYPOZYCZENIA (ID_EGZEMPLARZU, ID_KLIENTA, ID_WYPOZYCZENIA) values (14, 68, 117);
insert into DANE_WYPOZYCZENIA (ID_EGZEMPLARZU, ID_KLIENTA, ID_WYPOZYCZENIA) values (11, 58, 118);
insert into DANE_WYPOZYCZENIA (ID_EGZEMPLARZU, ID_KLIENTA, ID_WYPOZYCZENIA) values (9, 51, 119);
insert into DANE_WYPOZYCZENIA (ID_EGZEMPLARZU, ID_KLIENTA, ID_WYPOZYCZENIA) values (15, 75, 120);
insert into DANE_WYPOZYCZENIA (ID_EGZEMPLARZU, ID_KLIENTA, ID_WYPOZYCZENIA) values (4, 4, 121);
insert into DANE_WYPOZYCZENIA (ID_EGZEMPLARZU, ID_KLIENTA, ID_WYPOZYCZENIA) values (40, 12, 122);
insert into DANE_WYPOZYCZENIA (ID_EGZEMPLARZU, ID_KLIENTA, ID_WYPOZYCZENIA) values (13, 43, 123);
insert into DANE_WYPOZYCZENIA (ID_EGZEMPLARZU, ID_KLIENTA, ID_WYPOZYCZENIA) values (5, 58, 124);
insert into DANE_WYPOZYCZENIA (ID_EGZEMPLARZU, ID_KLIENTA, ID_WYPOZYCZENIA) values (58, 94, 125);
insert into DANE_WYPOZYCZENIA (ID_EGZEMPLARZU, ID_KLIENTA, ID_WYPOZYCZENIA) values (59, 18, 126);
insert into DANE_WYPOZYCZENIA (ID_EGZEMPLARZU, ID_KLIENTA, ID_WYPOZYCZENIA) values (34, 74, 127);
insert into DANE_WYPOZYCZENIA (ID_EGZEMPLARZU, ID_KLIENTA, ID_WYPOZYCZENIA) values (2, 92, 128);
insert into DANE_WYPOZYCZENIA (ID_EGZEMPLARZU, ID_KLIENTA, ID_WYPOZYCZENIA) values (9, 1, 129);
insert into DANE_WYPOZYCZENIA (ID_EGZEMPLARZU, ID_KLIENTA, ID_WYPOZYCZENIA) values (29, 3, 130);
insert into DANE_WYPOZYCZENIA (ID_EGZEMPLARZU, ID_KLIENTA, ID_WYPOZYCZENIA) values (5, 100, 131);
insert into DANE_WYPOZYCZENIA (ID_EGZEMPLARZU, ID_KLIENTA, ID_WYPOZYCZENIA) values (16, 88, 132);
insert into DANE_WYPOZYCZENIA (ID_EGZEMPLARZU, ID_KLIENTA, ID_WYPOZYCZENIA) values (41, 61, 133);
insert into DANE_WYPOZYCZENIA (ID_EGZEMPLARZU, ID_KLIENTA, ID_WYPOZYCZENIA) values (46, 35, 134);
insert into DANE_WYPOZYCZENIA (ID_EGZEMPLARZU, ID_KLIENTA, ID_WYPOZYCZENIA) values (7, 10, 135);
insert into DANE_WYPOZYCZENIA (ID_EGZEMPLARZU, ID_KLIENTA, ID_WYPOZYCZENIA) values (29, 39, 136);
insert into DANE_WYPOZYCZENIA (ID_EGZEMPLARZU, ID_KLIENTA, ID_WYPOZYCZENIA) values (12, 46, 137);
insert into DANE_WYPOZYCZENIA (ID_EGZEMPLARZU, ID_KLIENTA, ID_WYPOZYCZENIA) values (57, 84, 138);
insert into DANE_WYPOZYCZENIA (ID_EGZEMPLARZU, ID_KLIENTA, ID_WYPOZYCZENIA) values (61, 68, 139);
insert into DANE_WYPOZYCZENIA (ID_EGZEMPLARZU, ID_KLIENTA, ID_WYPOZYCZENIA) values (41, 39, 140);
insert into DANE_WYPOZYCZENIA (ID_EGZEMPLARZU, ID_KLIENTA, ID_WYPOZYCZENIA) values (64, 43, 141);
insert into DANE_WYPOZYCZENIA (ID_EGZEMPLARZU, ID_KLIENTA, ID_WYPOZYCZENIA) values (62, 29, 142);
insert into DANE_WYPOZYCZENIA (ID_EGZEMPLARZU, ID_KLIENTA, ID_WYPOZYCZENIA) values (51, 24, 143);
insert into DANE_WYPOZYCZENIA (ID_EGZEMPLARZU, ID_KLIENTA, ID_WYPOZYCZENIA) values (5, 96, 144);
insert into DANE_WYPOZYCZENIA (ID_EGZEMPLARZU, ID_KLIENTA, ID_WYPOZYCZENIA) values (47, 100, 145);
insert into DANE_WYPOZYCZENIA (ID_EGZEMPLARZU, ID_KLIENTA, ID_WYPOZYCZENIA) values (51, 33, 146);
insert into DANE_WYPOZYCZENIA (ID_EGZEMPLARZU, ID_KLIENTA, ID_WYPOZYCZENIA) values (65, 100, 147);
insert into DANE_WYPOZYCZENIA (ID_EGZEMPLARZU, ID_KLIENTA, ID_WYPOZYCZENIA) values (17, 46, 148);
insert into DANE_WYPOZYCZENIA (ID_EGZEMPLARZU, ID_KLIENTA, ID_WYPOZYCZENIA) values (24, 41, 149);
insert into DANE_WYPOZYCZENIA (ID_EGZEMPLARZU, ID_KLIENTA, ID_WYPOZYCZENIA) values (3, 41, 150);


